"title","url","stars","name","reviewUrl","text"
"Makasar","https://www.google.com/maps/search/?api=1&query=Makasar&query_place_id=ChIJ2YttuJvyaS4RyNgOw_F4Ht0","1","tingkerbel cantik","https://www.google.com/maps/reviews/data=!4m8!14m7!1m6!2m5!1sChZDSUhNMG9nS0VJQ0FnSUNUbUp2d0d3EAE!2m1!1s0x0:0xdd1e78f1c30ed8c8!3m1!1s2@1:CIHM0ogKEICAgICTmJvwGw%7C%7C?hl=id","PETUGAS LAKI LAKI yang bertugas jumat malam (10/5/24) kurang sopan, tidak solutif, dan terkesan menuduh penumpang berbohong karena tidak bisa tap out. attitude tidak bagus, mohok tindak lanjut. 🙏🏻"
"Makasar","https://www.google.com/maps/search/?api=1&query=Makasar&query_place_id=ChIJ2YttuJvyaS4RyNgOw_F4Ht0","1","Indah Nuraini","https://www.google.com/maps/reviews/data=!4m8!14m7!1m6!2m5!1sChdDSUhNMG9nS0VJQ0FnSUMxN3Y2c2pRRRAB!2m1!1s0x0:0xdd1e78f1c30ed8c8!3m1!1s2@1:CIHM0ogKEICAgIC17v6sjQE%7C%7C?hl=id","Naik dari pgc 1 anak umur 3 tahun masuk boleu tanpa bayar pas turun di halte garuda taman mini di tegor dan di foto anak saya ya sya mana tau make segala ngomong kabur tolong ya petugasnya tata keramanya di perbaiki bisa kan di tegur baik baik"
"Makasar","https://www.google.com/maps/search/?api=1&query=Makasar&query_place_id=ChIJ2YttuJvyaS4RyNgOw_F4Ht0","1","nasya karamina","https://www.google.com/maps/reviews/data=!4m8!14m7!1m6!2m5!1sChZDSUhNMG9nS0VJQ0FnSUNUbUx1cUxnEAE!2m1!1s0x0:0xdd1e78f1c30ed8c8!3m1!1s2@1:CIHM0ogKEICAgICTmLuqLg%7C%7C?hl=id","ATTITUDE PETUGAS LAKI LAKI TOLONG DIPERBAIKI YA PIHAK TJ. MENUDUH PENUMPANG BERBOHONG DAN TIDAK MENJAGA LISAN."
"Makasar","https://www.google.com/maps/search/?api=1&query=Makasar&query_place_id=ChIJ2YttuJvyaS4RyNgOw_F4Ht0","1","muklasin","https://www.google.com/maps/reviews/data=!4m8!14m7!1m6!2m5!1sChZDSUhNMG9nS0VJQ0FnSURyOHNId0RBEAE!2m1!1s0x0:0xdd1e78f1c30ed8c8!3m1!1s2@1:CIHM0ogKEICAgIDr8sHwDA%7C%7C?hl=id","SELASA 16 JULI PETUGAS MALAM HARI TAK ADA YG BERJAGA. KEMANA YA KIRA""🤣🤣🤣🤣🤣🤣🤣"
"Makasar","https://www.google.com/maps/search/?api=1&query=Makasar&query_place_id=ChIJ2YttuJvyaS4RyNgOw_F4Ht0","1","Gb Jkt","https://www.google.com/maps/reviews/data=!4m8!14m7!1m6!2m5!1sChZDSUhNMG9nS0VJQ0FnSURnMnZIVFV3EAE!2m1!1s0x0:0xdd1e78f1c30ed8c8!3m1!1s2@1:CIHM0ogKEICAgIDg2vHTUw%7C%7C?hl=id","Kurang akurat"
"Makasar","https://www.google.com/maps/search/?api=1&query=Makasar&query_place_id=ChIJ2YttuJvyaS4RyNgOw_F4Ht0","1","Ivan","https://www.google.com/maps/reviews/data=!4m8!14m7!1m6!2m5!1sChZDSUhNMG9nS0VJQ0FnSUR4czc2aVBREAE!2m1!1s0x0:0xdd1e78f1c30ed8c8!3m1!1s2@1:CIHM0ogKEICAgIDxs76iPQ%7C%7C?hl=id","So crowded during office hours"
"Makasar","https://www.google.com/maps/search/?api=1&query=Makasar&query_place_id=ChIJ2YttuJvyaS4RyNgOw_F4Ht0","1","Andre Nugraha","https://www.google.com/maps/reviews/data=!4m8!14m7!1m6!2m5!1sChZDSUhNMG9nS0VJQ0FnSUNSNnFQMUZnEAE!2m1!1s0x0:0xdd1e78f1c30ed8c8!3m1!1s2@1:CIHM0ogKEICAgICR6qP1Fg%7C%7C?hl=id",
"Makasar","https://www.google.com/maps/search/?api=1&query=Makasar&query_place_id=ChIJ2YttuJvyaS4RyNgOw_F4Ht0","1","sanusi mohammad","https://www.google.com/maps/reviews/data=!4m8!14m7!1m6!2m5!1sChdDSUhNMG9nS0VJQ0FnSUN3bjk2OW5nRRAB!2m1!1s0x0:0xdd1e78f1c30ed8c8!3m1!1s2@1:CIHM0ogKEICAgICwn969ngE%7C%7C?hl=id",
"Makasar","https://www.google.com/maps/search/?api=1&query=Makasar&query_place_id=ChIJ2YttuJvyaS4RyNgOw_F4Ht0","2","Gb Jkt","https://www.google.com/maps/reviews/data=!4m8!14m7!1m6!2m5!1sChdDSUhNMG9nS0VJQ0FnSUNBbmEyY21BRRAB!2m1!1s0x0:0xdd1e78f1c30ed8c8!3m1!1s2@1:CIHM0ogKEICAgICAna2cmAE%7C%7C?hl=id",
"Makasar","https://www.google.com/maps/search/?api=1&query=Makasar&query_place_id=ChIJ2YttuJvyaS4RyNgOw_F4Ht0","3","Kemal","https://www.google.com/maps/reviews/data=!4m8!14m7!1m6!2m5!1sChZDSUhNMG9nS0VJQ0FnSUQwemVYOU9REAE!2m1!1s0x0:0xdd1e78f1c30ed8c8!3m1!1s2@1:CIHM0ogKEICAgID0zeX9OQ%7C%7C?hl=id","Halte yang berada di pertigaan jalan pondok gede, halte yang biasa melayani halte busway koridor 9 menuju terminal pinang Ranti dan juga menuju Grogol, Pluit atau kota.
Halte busway dengan design pada umumnya tidak begitu besar, ada tempat duduk, papan keberangkatan dan petugas, halte dekat dengan Tamini square dan dekat dengan taman mini Indonesia indah sekitar 1,5 meter sampai pintu loket taman mini.
Jalan pondok gede kalau jam sibuk selalu ramai, maka semoga kedepannya masyarakat biasa menggunakan transportasi publik yang nyaman ini untuk mengurangi kemacetan dan masalah klasik lainya, yaitu polusi, apa lagi lewat tol jadi lebih cepat.
Dan semoga kedepannya koridor 9 lebih banyak lagi karena jl pondok gede macet kalau jam sibuk dan nunggu nya lama bisa sampai 30 menit."
"Makasar","https://www.google.com/maps/search/?api=1&query=Makasar&query_place_id=ChIJ2YttuJvyaS4RyNgOw_F4Ht0","3","shaniandreas6","https://www.google.com/maps/reviews/data=!4m8!14m7!1m6!2m5!1sChdDSUhNMG9nS0VJQ0FnSURYMXE3UGtnRRAB!2m1!1s0x0:0xdd1e78f1c30ed8c8!3m1!1s2@1:CIHM0ogKEICAgIDX1q7PkgE%7C%7C?hl=id","Halte terdekat dari stasiun LRT TMMI dan mall tamini square. Cuman ada mesin etoll saja"
"Makasar","https://www.google.com/maps/search/?api=1&query=Makasar&query_place_id=ChIJ2YttuJvyaS4RyNgOw_F4Ht0","3","Probo Warsito","https://www.google.com/maps/reviews/data=!4m8!14m7!1m6!2m5!1sChZDSUhNMG9nS0VJQ0FnSUM0cWVXREVBEAE!2m1!1s0x0:0xdd1e78f1c30ed8c8!3m1!1s2@1:CIHM0ogKEICAgIC4qeWDEA%7C%7C?hl=id","Halte nya panjang, adem dan sejuk karena banyak kipas angin. Tapi sayangnya belum ada toiletnya. Sayangnya lalu lintas di sekitar halte ini cukup ramai, sehingga apabila ingin ke halte ini harus berhati-hati. Untuk ke halte ini selain bisa menaikki ojek online, bisa naik angkutan umum K40 Jati Asih - Kp.Rambutan dan angkutan umum KR Kp.Rambutan - Kranggan, selain itu ada Transjakarta koridor 9, rute Pluit - Pinang Ranti."
"Makasar","https://www.google.com/maps/search/?api=1&query=Makasar&query_place_id=ChIJ2YttuJvyaS4RyNgOw_F4Ht0","3","cumisat internasonal","https://www.google.com/maps/reviews/data=!4m8!14m7!1m6!2m5!1sChZDSUhNMG9nS0VJQ0FnSURnNWFUckdnEAE!2m1!1s0x0:0xdd1e78f1c30ed8c8!3m1!1s2@1:CIHM0ogKEICAgIDg5aTrGg%7C%7C?hl=id","Strategis untuk ke ke arah taman mini dari cawang uki"
"Makasar","https://www.google.com/maps/search/?api=1&query=Makasar&query_place_id=ChIJ2YttuJvyaS4RyNgOw_F4Ht0","3","Phiyus Droid","https://www.google.com/maps/reviews/data=!4m8!14m7!1m6!2m5!1sChZDSUhNMG9nS0VJQ0FnSUNhcm95d0pREAE!2m1!1s0x0:0xdd1e78f1c30ed8c8!3m1!1s2@1:CIHM0ogKEICAgICaroywJQ%7C%7C?hl=id",
"Makasar","https://www.google.com/maps/search/?api=1&query=Makasar&query_place_id=ChIJ2YttuJvyaS4RyNgOw_F4Ht0","3","Afri Lianto","https://www.google.com/maps/reviews/data=!4m8!14m7!1m6!2m5!1sChdDSUhNMG9nS0VJQ0FnSURJbnFyTHhRRRAB!2m1!1s0x0:0xdd1e78f1c30ed8c8!3m1!1s2@1:CIHM0ogKEICAgIDInqrLxQE%7C%7C?hl=id",
"Makasar","https://www.google.com/maps/search/?api=1&query=Makasar&query_place_id=ChIJ2YttuJvyaS4RyNgOw_F4Ht0","3","daud marpaung","https://www.google.com/maps/reviews/data=!4m8!14m7!1m6!2m5!1sChZDSUhNMG9nS0VJQ0FnSUNBaEt6eEJBEAE!2m1!1s0x0:0xdd1e78f1c30ed8c8!3m1!1s2@1:CIHM0ogKEICAgICAhKzxBA%7C%7C?hl=id",
"Makasar","https://www.google.com/maps/search/?api=1&query=Makasar&query_place_id=ChIJ2YttuJvyaS4RyNgOw_F4Ht0","3","Ivone Rosliana","https://www.google.com/maps/reviews/data=!4m8!14m7!1m6!2m5!1sChdDSUhNMG9nS0VJQ0FnSUN3bWJtanhBRRAB!2m1!1s0x0:0xdd1e78f1c30ed8c8!3m1!1s2@1:CIHM0ogKEICAgICwmbmjxAE%7C%7C?hl=id",
"Makasar","https://www.google.com/maps/search/?api=1&query=Makasar&query_place_id=ChIJ2YttuJvyaS4RyNgOw_F4Ht0","3","Yesti Nirmalasari","https://www.google.com/maps/reviews/data=!4m8!14m7!1m6!2m5!1sChZDSUhNMG9nS0VJQ0FnSUNneE5XTFlBEAE!2m1!1s0x0:0xdd1e78f1c30ed8c8!3m1!1s2@1:CIHM0ogKEICAgICgxNWLYA%7C%7C?hl=id",
"Makasar","https://www.google.com/maps/search/?api=1&query=Makasar&query_place_id=ChIJ2YttuJvyaS4RyNgOw_F4Ht0","3","uber tamini square","https://www.google.com/maps/reviews/data=!4m8!14m7!1m6!2m5!1sChdDSUhNMG9nS0VJQ0FnSUNnbWZHRHFnRRAB!2m1!1s0x0:0xdd1e78f1c30ed8c8!3m1!1s2@1:CIHM0ogKEICAgICgmfGDqgE%7C%7C?hl=id",
"Makasar","https://www.google.com/maps/search/?api=1&query=Makasar&query_place_id=ChIJ2YttuJvyaS4RyNgOw_F4Ht0","3","Aisya Yasmin","https://www.google.com/maps/reviews/data=!4m8!14m7!1m6!2m5!1sChZDSUhNMG9nS0VJQ0FnSUNncXJTSmJBEAE!2m1!1s0x0:0xdd1e78f1c30ed8c8!3m1!1s2@1:CIHM0ogKEICAgICgqrSJbA%7C%7C?hl=id",
"Makasar","https://www.google.com/maps/search/?api=1&query=Makasar&query_place_id=ChIJ2YttuJvyaS4RyNgOw_F4Ht0","3","FERIL AZMAL","https://www.google.com/maps/reviews/data=!4m8!14m7!1m6!2m5!1sChdDSUhNMG9nS0VJQ0FnSURnN1pIXzVBRRAB!2m1!1s0x0:0xdd1e78f1c30ed8c8!3m1!1s2@1:CIHM0ogKEICAgIDg7ZH_5AE%7C%7C?hl=id",
"Makasar","https://www.google.com/maps/search/?api=1&query=Makasar&query_place_id=ChIJ2YttuJvyaS4RyNgOw_F4Ht0","4","Nugroho Saputro","https://www.google.com/maps/reviews/data=!4m8!14m7!1m6!2m5!1sChdDSUhNMG9nS0VJQ0FnSUMtcmJiRnJnRRAB!2m1!1s0x0:0xdd1e78f1c30ed8c8!3m1!1s2@1:CIHM0ogKEICAgIC-rbbFrgE%7C%7C?hl=id","Salah satu Halte TransJakarta di wilayah Jakarta Timur. Depan persis dgn Tamini Square. Hanya berharap agar kebersihan dan pemeliharaan fasilitasnya untuk dijaga"
"Makasar","https://www.google.com/maps/search/?api=1&query=Makasar&query_place_id=ChIJ2YttuJvyaS4RyNgOw_F4Ht0","4","Erlandhino News","https://www.google.com/maps/reviews/data=!4m8!14m7!1m6!2m5!1sChdDSUhNMG9nS0VJQ0FnSURzbkptdXdnRRAB!2m1!1s0x0:0xdd1e78f1c30ed8c8!3m1!1s2@1:CIHM0ogKEICAgIDsnJmuwgE%7C%7C?hl=id","Halte terdekat dari pemberhentian terakhir Pinang Ranti, halte ini dekat dengan taman mini square. Disebrangnya banyak ojol mangkal, makanan seperti somay, kerupuk, keripik, sate padang ada disini.

Banyak bang ojol yg lawan arah juga, jadi buat pengendara hati-hati ya. Ada juga angkot yang parkir ngetem dekat tikungan ke arah taman mini Indonesia indah."
"Makasar","https://www.google.com/maps/search/?api=1&query=Makasar&query_place_id=ChIJ2YttuJvyaS4RyNgOw_F4Ht0","4","simon naftali","https://www.google.com/maps/reviews/data=!4m8!14m7!1m6!2m5!1sChZDSUhNMG9nS0VJQ0FnSUR5b3FpQ0p3EAE!2m1!1s0x0:0xdd1e78f1c30ed8c8!3m1!1s2@1:CIHM0ogKEICAgIDyoqiCJw%7C%7C?hl=id","Patuhi lampu lalu lintas, karena ada polisi yg berjaga setiap pagi.
Jika lampu kuning lebih baik pelan dan berhenti, krn banyak yg diberhentikan oleh pak Polisi dr arah TMII ke Kramat Jati"
"Makasar","https://www.google.com/maps/search/?api=1&query=Makasar&query_place_id=ChIJ2YttuJvyaS4RyNgOw_F4Ht0","4","SL Baby99","https://www.google.com/maps/reviews/data=!4m8!14m7!1m6!2m5!1sChdDSUhNMG9nS0VJQ0FnSUQ2aU1xbXV3RRAB!2m1!1s0x0:0xdd1e78f1c30ed8c8!3m1!1s2@1:CIHM0ogKEICAgID6iMqmuwE%7C%7C?hl=id","Mencoba jalan2 ke TMII lewat jalur busway, dan nyampe lah kesini karena gak tau turunnya dimana alhasil sampe mentok, dan disuruh turun terus ngetep kartu lagi dan naik lagi, pemborosan. Maklum baru lulus dan pertama kali keluar kandang dr kosan diperantauan, when i was young"
"Makasar","https://www.google.com/maps/search/?api=1&query=Makasar&query_place_id=ChIJ2YttuJvyaS4RyNgOw_F4Ht0","4","Nur Shabrina","https://www.google.com/maps/reviews/data=!4m8!14m7!1m6!2m5!1sChdDSUhNMG9nS0VJQ0FnSUNlbDlpVzVnRRAB!2m1!1s0x0:0xdd1e78f1c30ed8c8!3m1!1s2@1:CIHM0ogKEICAgICel9iW5gE%7C%7C?hl=id","Halte Tidak ada jembatan penyeberangan, dan di tempat kan setelah belokan... Harap hati2 saat menyebrang ke Halte"
"Makasar","https://www.google.com/maps/search/?api=1&query=Makasar&query_place_id=ChIJ2YttuJvyaS4RyNgOw_F4Ht0","4","Tatra Laksita MC Wedding","https://www.google.com/maps/reviews/data=!4m8!14m7!1m6!2m5!1sChdDSUhNMG9nS0VJQ0FnSURBd3QzQnVRRRAB!2m1!1s0x0:0xdd1e78f1c30ed8c8!3m1!1s2@1:CIHM0ogKEICAgIDAwt3BuQE%7C%7C?hl=id","🚉🚌🚋 .....Halte busway Transjakarta dekat lampu merah Garuda,,,,,, posisi nya jika dari hek terus ke arah pondok gede,,,,,,pas lampu merah Garuda langsung belok kiri, terletak di di depan Tamini square.... masuk dalam wilayah kelurahan pinang Ranti kecamatan Makasar kota administrasi Jakarta timur...."
"Makasar","https://www.google.com/maps/search/?api=1&query=Makasar&query_place_id=ChIJ2YttuJvyaS4RyNgOw_F4Ht0","4","Yehezkiel Ordinary Geovanni Sihombing","https://www.google.com/maps/reviews/data=!4m8!14m7!1m6!2m5!1sChZDSUhNMG9nS0VJQ0FnSUM5eGFieGRnEAE!2m1!1s0x0:0xdd1e78f1c30ed8c8!3m1!1s2@1:CIHM0ogKEICAgIC9xabxdg%7C%7C?hl=id","Halte cukup strategis untuk ke Mall"
"Makasar","https://www.google.com/maps/search/?api=1&query=Makasar&query_place_id=ChIJ2YttuJvyaS4RyNgOw_F4Ht0","4","Arbet's Channel","https://www.google.com/maps/reviews/data=!4m8!14m7!1m6!2m5!1sChdDSUhNMG9nS0VJQ0FnSUNLd2R2Ql9BRRAB!2m1!1s0x0:0xdd1e78f1c30ed8c8!3m1!1s2@1:CIHM0ogKEICAgICKwdvB_AE%7C%7C?hl=id","Tempat/penurunan Penumpang Terkenal
(Perempatan Garuda Tamini)"
"Makasar","https://www.google.com/maps/search/?api=1&query=Makasar&query_place_id=ChIJ2YttuJvyaS4RyNgOw_F4Ht0","4","Abdul Azis","https://www.google.com/maps/reviews/data=!4m8!14m7!1m6!2m5!1sChZDSUhNMG9nS0VJQ0FnSUN5NWYyRUhBEAE!2m1!1s0x0:0xdd1e78f1c30ed8c8!3m1!1s2@1:CIHM0ogKEICAgICy5f2EHA%7C%7C?hl=id","Simpel banget, letak di tengah jalan tanpa jpo"
"Makasar","https://www.google.com/maps/search/?api=1&query=Makasar&query_place_id=ChIJ2YttuJvyaS4RyNgOw_F4Ht0","4","sagara","https://www.google.com/maps/reviews/data=!4m8!14m7!1m6!2m5!1sChdDSUhNMG9nS0VJQ0FnSURNaXVMdXJ3RRAB!2m1!1s0x0:0xdd1e78f1c30ed8c8!3m1!1s2@1:CIHM0ogKEICAgIDMiuLurwE%7C%7C?hl=id","transportasi masal termurah dan nyaman"
"Makasar","https://www.google.com/maps/search/?api=1&query=Makasar&query_place_id=ChIJ2YttuJvyaS4RyNgOw_F4Ht0","4","Adie Adalah","https://www.google.com/maps/reviews/data=!4m8!14m7!1m6!2m5!1sChdDSUhNMG9nS0VJQ0FnSURvNzlDTV9RRRAB!2m1!1s0x0:0xdd1e78f1c30ed8c8!3m1!1s2@1:CIHM0ogKEICAgIDo79CM_QE%7C%7C?hl=id","busway"
"Makasar","https://www.google.com/maps/search/?api=1&query=Makasar&query_place_id=ChIJ2YttuJvyaS4RyNgOw_F4Ht0","4","Eko Awank","https://www.google.com/maps/reviews/data=!4m8!14m7!1m6!2m5!1sChdDSUhNMG9nS0VJQ0FnSURnallUbWp3RRAB!2m1!1s0x0:0xdd1e78f1c30ed8c8!3m1!1s2@1:CIHM0ogKEICAgIDgjYTmjwE%7C%7C?hl=id","Akses mudah"
"Makasar","https://www.google.com/maps/search/?api=1&query=Makasar&query_place_id=ChIJ2YttuJvyaS4RyNgOw_F4Ht0","4","enny panggabean","https://www.google.com/maps/reviews/data=!4m8!14m7!1m6!2m5!1sChZDSUhNMG9nS0VJQ0FnSURCd2FTNEx3EAE!2m1!1s0x0:0xdd1e78f1c30ed8c8!3m1!1s2@1:CIHM0ogKEICAgIDBwaS4Lw%7C%7C?hl=id","Muacet"
"Makasar","https://www.google.com/maps/search/?api=1&query=Makasar&query_place_id=ChIJ2YttuJvyaS4RyNgOw_F4Ht0","4","Raden Khanza","https://www.google.com/maps/reviews/data=!4m8!14m7!1m6!2m5!1sChdDSUhNMG9nS0VJQ0FnSURrbTZLNnFRRRAB!2m1!1s0x0:0xdd1e78f1c30ed8c8!3m1!1s2@1:CIHM0ogKEICAgIDkm6K6qQE%7C%7C?hl=id","Macetttt"
"Makasar","https://www.google.com/maps/search/?api=1&query=Makasar&query_place_id=ChIJ2YttuJvyaS4RyNgOw_F4Ht0","4","Arya Dimas","https://www.google.com/maps/reviews/data=!4m8!14m7!1m6!2m5!1sChdDSUhNMG9nS0VJQ0FnTURRcm9XYjZ3RRAB!2m1!1s0x0:0xdd1e78f1c30ed8c8!3m1!1s2@1:CIHM0ogKEICAgMDQroWb6wE%7C%7C?hl=id",
"Makasar","https://www.google.com/maps/search/?api=1&query=Makasar&query_place_id=ChIJ2YttuJvyaS4RyNgOw_F4Ht0","4","Heru Mansian","https://www.google.com/maps/reviews/data=!4m8!14m7!1m6!2m5!1sChZDSUhNMG9nS0VJQ0FnSUN4MkxLaE13EAE!2m1!1s0x0:0xdd1e78f1c30ed8c8!3m1!1s2@1:CIHM0ogKEICAgICx2LKhMw%7C%7C?hl=id",
"Makasar","https://www.google.com/maps/search/?api=1&query=Makasar&query_place_id=ChIJ2YttuJvyaS4RyNgOw_F4Ht0","4","Yonno Nong","https://www.google.com/maps/reviews/data=!4m8!14m7!1m6!2m5!1sChdDSUhNMG9nS0VJQ0FnSUNlLVBUdTVBRRAB!2m1!1s0x0:0xdd1e78f1c30ed8c8!3m1!1s2@1:CIHM0ogKEICAgICe-PTu5AE%7C%7C?hl=id",
"Makasar","https://www.google.com/maps/search/?api=1&query=Makasar&query_place_id=ChIJ2YttuJvyaS4RyNgOw_F4Ht0","4","Moh ropii Ropii","https://www.google.com/maps/reviews/data=!4m8!14m7!1m6!2m5!1sChdDSUhNMG9nS0VJQ0FnSUQ4OWR1Zm1BRRAB!2m1!1s0x0:0xdd1e78f1c30ed8c8!3m1!1s2@1:CIHM0ogKEICAgID89dufmAE%7C%7C?hl=id",
"Makasar","https://www.google.com/maps/search/?api=1&query=Makasar&query_place_id=ChIJ2YttuJvyaS4RyNgOw_F4Ht0","4","Aini Ku","https://www.google.com/maps/reviews/data=!4m8!14m7!1m6!2m5!1sChZDSUhNMG9nS0VJQ0FnSUR3cnRMSU53EAE!2m1!1s0x0:0xdd1e78f1c30ed8c8!3m1!1s2@1:CIHM0ogKEICAgIDwrtLINw%7C%7C?hl=id",
"Makasar","https://www.google.com/maps/search/?api=1&query=Makasar&query_place_id=ChIJ2YttuJvyaS4RyNgOw_F4Ht0","4","Muhamad Khomary","https://www.google.com/maps/reviews/data=!4m8!14m7!1m6!2m5!1sChZDSUhNMG9nS0VJQ0FnSUNBbGZyZUN3EAE!2m1!1s0x0:0xdd1e78f1c30ed8c8!3m1!1s2@1:CIHM0ogKEICAgICAlfreCw%7C%7C?hl=id",
"Makasar","https://www.google.com/maps/search/?api=1&query=Makasar&query_place_id=ChIJ2YttuJvyaS4RyNgOw_F4Ht0","4","andry Fighter","https://www.google.com/maps/reviews/data=!4m8!14m7!1m6!2m5!1sChZDSUhNMG9nS0VJQ0FnSURRNWNEZURBEAE!2m1!1s0x0:0xdd1e78f1c30ed8c8!3m1!1s2@1:CIHM0ogKEICAgIDQ5cDeDA%7C%7C?hl=id",
"Makasar","https://www.google.com/maps/search/?api=1&query=Makasar&query_place_id=ChIJ2YttuJvyaS4RyNgOw_F4Ht0","4","ꦦꦿꦢꦤ ꦗꦪꦮꦂꦢꦤ","https://www.google.com/maps/reviews/data=!4m8!14m7!1m6!2m5!1sChdDSUhNMG9nS0VJQ0FnSUNnMElYdDlRRRAB!2m1!1s0x0:0xdd1e78f1c30ed8c8!3m1!1s2@1:CIHM0ogKEICAgICg0IXt9QE%7C%7C?hl=id",
"Makasar","https://www.google.com/maps/search/?api=1&query=Makasar&query_place_id=ChIJ2YttuJvyaS4RyNgOw_F4Ht0","5","Ruqoyyah Dr","https://www.google.com/maps/reviews/data=!4m8!14m7!1m6!2m5!1sChdDSUhNMG9nS0VJQ0FnSURHeS1PM3BBRRAB!2m1!1s0x0:0xdd1e78f1c30ed8c8!3m1!1s2@1:CIHM0ogKEICAgIDGy-O3pAE%7C%7C?hl=id","penampakan Halte saat subuh dan maghrib hari wkwk. Halte Busway terdekat dari rumah (sekitar 1km jalan kaki),
Haltenya cukup ramai di hari kerja. Busnya datang per 15menitan. Posisinya tepat di depan Mall Tamini Square.
Ga ada bad experience sih disini so far. Cuma haltenya nampak kurang baik maintenance-nya aja jadi nampak agak lusuh."
"Makasar","https://www.google.com/maps/search/?api=1&query=Makasar&query_place_id=ChIJ2YttuJvyaS4RyNgOw_F4Ht0","5","Ryan Neste","https://www.google.com/maps/reviews/data=!4m8!14m7!1m6!2m5!1sChZDSUhNMG9nS0VJQ0FnSURlcHM2YkR3EAE!2m1!1s0x0:0xdd1e78f1c30ed8c8!3m1!1s2@1:CIHM0ogKEICAgIDeps6bDw%7C%7C?hl=id","Persis didepan mall tamini square, bagi yang ingin ke mall tamini tinggal turun disini langsung persis sebrang halte posisi mallnya , ke taman mini naik angkot lagi ke taman mini jika ingin nyaman bisa pakai taksi online, busway trayek pluit pinang ranti atau bundaran senayan pinang ranti pasti lewat halte ini,jadi semua busway yang tujuan pinang ranti lewat halte ini,gak perlu repot lagi jika ingin ke tamini square atau taman mini"
"Makasar","https://www.google.com/maps/search/?api=1&query=Makasar&query_place_id=ChIJ2YttuJvyaS4RyNgOw_F4Ht0","5","sidik sandi sabana","https://www.google.com/maps/reviews/data=!4m8!14m7!1m6!2m5!1sChdDSUhNMG9nS0VJQ0FnSURNeWNmNV9nRRAB!2m1!1s0x0:0xdd1e78f1c30ed8c8!3m1!1s2@1:CIHM0ogKEICAgIDMycf5_gE%7C%7C?hl=id","Halte Busway Garuda Taman Mini ini adalah halte busway yang melayani koridor 9 jurusan pluit - pinang ranti yang mana halte ini adalah halte yang cukup ramai penumpang karena lokasinya yang strategis di simpang jalan dan juga berada di dekat tamini square. Secara umum haltenya cukup nyaman dan bagus untuk menunggu busway yang belum datang."
"Makasar","https://www.google.com/maps/search/?api=1&query=Makasar&query_place_id=ChIJ2YttuJvyaS4RyNgOw_F4Ht0","5","MR creative design","https://www.google.com/maps/reviews/data=!4m8!14m7!1m6!2m5!1sChdDSUhNMG9nS0VJQ0FnSUN3Z01PNjJBRRAB!2m1!1s0x0:0xdd1e78f1c30ed8c8!3m1!1s2@1:CIHM0ogKEICAgICwgMO62AE%7C%7C?hl=id","Hujan"" dingin bngt enaknya ngopi dulu d seberangnya halte garuda tamanmini,,,mantap,,"
"Makasar","https://www.google.com/maps/search/?api=1&query=Makasar&query_place_id=ChIJ2YttuJvyaS4RyNgOw_F4Ht0","5","Abdul Latif","https://www.google.com/maps/reviews/data=!4m8!14m7!1m6!2m5!1sChZDSUhNMG9nS0VJQ0FnSUNHZ2EzV0pBEAE!2m1!1s0x0:0xdd1e78f1c30ed8c8!3m1!1s2@1:CIHM0ogKEICAgICGga3WJA%7C%7C?hl=id","Untuk yang pengen ke taman mini square naik tj bisa turun disini

Tempatnya lumayan nyaman bisnya juga ga terlalu lama untuk kedatangan dan keberangkatan nya"
"Makasar","https://www.google.com/maps/search/?api=1&query=Makasar&query_place_id=ChIJ2YttuJvyaS4RyNgOw_F4Ht0","5","sony harsono","https://www.google.com/maps/reviews/data=!4m8!14m7!1m6!2m5!1sChdDSUhNMG9nS0VJQ0FnSUNKaG9QUThBRRAB!2m1!1s0x0:0xdd1e78f1c30ed8c8!3m1!1s2@1:CIHM0ogKEICAgICJhoPQ8AE%7C%7C?hl=id","Halte busway Garuda Taman Mini merupakan halte untuk transit dari dan ke tamini square serta sekitar.
Halte ini belum di revitalisasai sehingga belum mengikuti standar halte baru transjakarta.
Namun masjid dan mushola serta toilet tersedia di tamini square dan tempat tempat di sekitar halte.
Semoga ulasan singakat ini berguna untuk anda semua."
"Makasar","https://www.google.com/maps/search/?api=1&query=Makasar&query_place_id=ChIJ2YttuJvyaS4RyNgOw_F4Ht0","5","Nanien","https://www.google.com/maps/reviews/data=!4m8!14m7!1m6!2m5!1sChdDSUhNMG9nS0VJQ0FnSURhLVB6LWxBRRAB!2m1!1s0x0:0xdd1e78f1c30ed8c8!3m1!1s2@1:CIHM0ogKEICAgIDa-Pz-lAE%7C%7C?hl=id","Halte terdekat dari mal Tamini Square. Tempatnya tidak luas tapi cukup untuk menampung penumpang karena hanya satu shelter dari Pinang Ranti yang paling ujung. Hanya agak antre kalau pulang hampir tengah malam karena yang keluar banyak tapi tempat tap kartu cuma dua.

Walau malam hari area ini biasanya ramai (sebelum pandemi). Sebelah arah ke Pondok Gede ada mini market, seberangnya banyak ojek online mangkal jadi mudah untuk mendapat order plus tukang jualan makanan."
"Makasar","https://www.google.com/maps/search/?api=1&query=Makasar&query_place_id=ChIJ2YttuJvyaS4RyNgOw_F4Ht0","5","Ari Saripudin (Arri)","https://www.google.com/maps/reviews/data=!4m8!14m7!1m6!2m5!1sChZDSUhNMG9nS0VJQ0FnSUR5MWFLa2NBEAE!2m1!1s0x0:0xdd1e78f1c30ed8c8!3m1!1s2@1:CIHM0ogKEICAgIDy1aKkcA%7C%7C?hl=id","Halte yg bersih dgn d tambah pelayanan yg apik ,sdh tersedia mesin saldo pengisian & petugas selalu siap mengecek suhu tubuh penumpang tije euy  ☺️"
"Makasar","https://www.google.com/maps/search/?api=1&query=Makasar&query_place_id=ChIJ2YttuJvyaS4RyNgOw_F4Ht0","5","Asep S Setiawan","https://www.google.com/maps/reviews/data=!4m8!14m7!1m6!2m5!1sChdDSUhNMG9nS0VJQ0FnSURacW9TZnRBRRAB!2m1!1s0x0:0xdd1e78f1c30ed8c8!3m1!1s2@1:CIHM0ogKEICAgIDZqoSftAE%7C%7C?hl=id","Namanya juga halte bus tije, pasti banyak penggemar nya.. 😁
Iya kaan?"
"Makasar","https://www.google.com/maps/search/?api=1&query=Makasar&query_place_id=ChIJ2YttuJvyaS4RyNgOw_F4Ht0","5","Akbar Fauzan D","https://www.google.com/maps/reviews/data=!4m8!14m7!1m6!2m5!1sChZDSUhNMG9nS0VJQ0FnSUM5Z1BMRWFREAE!2m1!1s0x0:0xdd1e78f1c30ed8c8!3m1!1s2@1:CIHM0ogKEICAgIC9gPLEaQ%7C%7C?hl=id","Petugasnya ramah, kondisi halte nya cukup bersih"
"Makasar","https://www.google.com/maps/search/?api=1&query=Makasar&query_place_id=ChIJ2YttuJvyaS4RyNgOw_F4Ht0","5","Fety Kristiani","https://www.google.com/maps/reviews/data=!4m8!14m7!1m6!2m5!1sChZDSUhNMG9nS0VJQ0FnSUNBcGNqZ0pREAE!2m1!1s0x0:0xdd1e78f1c30ed8c8!3m1!1s2@1:CIHM0ogKEICAgICApcjgJQ%7C%7C?hl=id","Bagus, tempatnya sangat strategis"
"Makasar","https://www.google.com/maps/search/?api=1&query=Makasar&query_place_id=ChIJ2YttuJvyaS4RyNgOw_F4Ht0","5","Elisabeth Yesi","https://www.google.com/maps/reviews/data=!4m8!14m7!1m6!2m5!1sChdDSUhNMG9nS0VJQ0FnSUNZb05McTlRRRAB!2m1!1s0x0:0xdd1e78f1c30ed8c8!3m1!1s2@1:CIHM0ogKEICAgICYoNLq9QE%7C%7C?hl=id","Dekat dengan Taman Mini Square"
"Makasar","https://www.google.com/maps/search/?api=1&query=Makasar&query_place_id=ChIJ2YttuJvyaS4RyNgOw_F4Ht0","5","RaF Hendrivers","https://www.google.com/maps/reviews/data=!4m8!14m7!1m6!2m5!1sChZDSUhNMG9nS0VJQ0FnSURaMXNxblJREAE!2m1!1s0x0:0xdd1e78f1c30ed8c8!3m1!1s2@1:CIHM0ogKEICAgIDZ1sqnRQ%7C%7C?hl=id","Tempat menunggu busway, tempat enak, ramai, banyak kuliner"
"Makasar","https://www.google.com/maps/search/?api=1&query=Makasar&query_place_id=ChIJ2YttuJvyaS4RyNgOw_F4Ht0","5","hadyponik Farming","https://www.google.com/maps/reviews/data=!4m8!14m7!1m6!2m5!1sChZDSUhNMG9nS0VJQ0FnSURnejVqREZ3EAE!2m1!1s0x0:0xdd1e78f1c30ed8c8!3m1!1s2@1:CIHM0ogKEICAgIDgz5jDFw%7C%7C?hl=id","Begitu keluar halte langsung jalan raya, jadi harus hati2 saat nyebrang jalan"
"Makasar","https://www.google.com/maps/search/?api=1&query=Makasar&query_place_id=ChIJ2YttuJvyaS4RyNgOw_F4Ht0","5","Samsudin 53","https://www.google.com/maps/reviews/data=!4m8!14m7!1m6!2m5!1sChZDSUhNMG9nS0VJQ0FnSURHMUthR0JREAE!2m1!1s0x0:0xdd1e78f1c30ed8c8!3m1!1s2@1:CIHM0ogKEICAgIDG1KaGBQ%7C%7C?hl=id","Tempat nya sepi"
"Makasar","https://www.google.com/maps/search/?api=1&query=Makasar&query_place_id=ChIJ2YttuJvyaS4RyNgOw_F4Ht0","5","Gojek Jatiranggon-bekasi","https://www.google.com/maps/reviews/data=!4m8!14m7!1m6!2m5!1sChZDSUhNMG9nS0VJQ0FnSUNPX3NYRWNnEAE!2m1!1s0x0:0xdd1e78f1c30ed8c8!3m1!1s2@1:CIHM0ogKEICAgICO_sXEcg%7C%7C?hl=id","Terletak di jln raya pondok gede,msk kelurahan pinang Ranti JKT timur"
"Makasar","https://www.google.com/maps/search/?api=1&query=Makasar&query_place_id=ChIJ2YttuJvyaS4RyNgOw_F4Ht0","5","Musa Rengas","https://www.google.com/maps/reviews/data=!4m8!14m7!1m6!2m5!1sChdDSUhNMG9nS0VJQ0FnSURheEkyWW1BRRAB!2m1!1s0x0:0xdd1e78f1c30ed8c8!3m1!1s2@1:CIHM0ogKEICAgIDaxI2YmAE%7C%7C?hl=id","Tempatnya enak aman nyaman"
"Halte Transjakarta Bkn","https://www.google.com/maps/search/?api=1&query=Halte%20Transjakarta%20Bkn&query_place_id=ChIJCSIyNf7yaS4Rs6R-PCcTLNQ","1","Nur Fifadlika Zuniariza","https://www.google.com/maps/reviews/data=!4m8!14m7!1m6!2m5!1sChdDSUhNMG9nS0VJQ0FnSUR4Mk0zaDN3RRAB!2m1!1s0x0:0xd42c13273c7ea4b3!3m1!1s2@1:CIHM0ogKEICAgIDx2M3h3wE%7C%7C?hl=id","Maaf ya kasih bintang 1. Jujur tidak suka dengan petugasnya yg mengarahkan jalur busway dibkn. Ga semua orang tau jalur busway. Setidaknya kalo memberi informasi itu yg jelas. Jgn kayak orang ogah kerja. Tolong lebih baik lagi dalem melayani. Saya tau Transjakarta murah. Tapi tolong perlayanannya diperbaiki. Terimakasih"
"Halte Transjakarta Bkn","https://www.google.com/maps/search/?api=1&query=Halte%20Transjakarta%20Bkn&query_place_id=ChIJCSIyNf7yaS4Rs6R-PCcTLNQ","1","Yuniiara","https://www.google.com/maps/reviews/data=!4m8!14m7!1m6!2m5!1sChdDSUhNMG9nS0VJQ0FnSURCdTdhbm5nRRAB!2m1!1s0x0:0xd42c13273c7ea4b3!3m1!1s2@1:CIHM0ogKEICAgIDBu7anngE%7C%7C?hl=id","Tolong untuk petugas nya disaat jam segini dibantu penumpang yg kesusahan ingin naik atau pun turun, memang Transjakarta murah tp setidaknya pelayanan nya harus ramah kepada penumpang."
"Halte Transjakarta Bkn","https://www.google.com/maps/search/?api=1&query=Halte%20Transjakarta%20Bkn&query_place_id=ChIJCSIyNf7yaS4Rs6R-PCcTLNQ","1","Andre Resdianto","https://www.google.com/maps/reviews/data=!4m8!14m7!1m6!2m5!1sChdDSUhNMG9nS0VJQ0FnSURSdV9UTDRRRRAB!2m1!1s0x0:0xd42c13273c7ea4b3!3m1!1s2@1:CIHM0ogKEICAgIDRu_TL4QE%7C%7C?hl=id","rotasi D11 Depok-BKN di jam pulang kantor sangatlah lama dan terkesan sengaja supaya menumpuk penumpang ke Depok"
"Halte Transjakarta Bkn","https://www.google.com/maps/search/?api=1&query=Halte%20Transjakarta%20Bkn&query_place_id=ChIJCSIyNf7yaS4Rs6R-PCcTLNQ","1","Agem Rewel","https://www.google.com/maps/reviews/data=!4m8!14m7!1m6!2m5!1sChdDSUhNMG9nS0VJQ0FnSURuMk5xbXZRRRAB!2m1!1s0x0:0xd42c13273c7ea4b3!3m1!1s2@1:CIHM0ogKEICAgIDn2NqmvQE%7C%7C?hl=id",
"Halte Transjakarta Bkn","https://www.google.com/maps/search/?api=1&query=Halte%20Transjakarta%20Bkn&query_place_id=ChIJCSIyNf7yaS4Rs6R-PCcTLNQ","3","Febrina Pasaribu","https://www.google.com/maps/reviews/data=!4m8!14m7!1m6!2m5!1sChdDSUhNMG9nS0VJQ0FnSUR4X2NyV3NRRRAB!2m1!1s0x0:0xd42c13273c7ea4b3!3m1!1s2@1:CIHM0ogKEICAgIDx_crWsQE%7C%7C?hl=id","Selalu ramaiii dan padet, gaada toilet juga. Apalagi yang bkn-cibubur antrian panjang."
"Halte Transjakarta Bkn","https://www.google.com/maps/search/?api=1&query=Halte%20Transjakarta%20Bkn&query_place_id=ChIJCSIyNf7yaS4Rs6R-PCcTLNQ","3","Probo Warsito","https://www.google.com/maps/reviews/data=!4m8!14m7!1m6!2m5!1sChdDSUhNMG9nS0VJQ0FnSURzN1BMemlRRRAB!2m1!1s0x0:0xd42c13273c7ea4b3!3m1!1s2@1:CIHM0ogKEICAgIDs7PLziQE%7C%7C?hl=id","Halte transit yang cukup padat dan ramai. Belum ada toilet dan mushola nya. Halte ini berada persis di depan gedung BKN. Terdapat beberapa rute Transjakarta di halte ini, antara lain ke Kampung Rambutan, Kampung Melayu, Pancorat Barat, Tanjung Priok, dan Kuningan. Untuk ke halte ini selain bisa naik kendaraan pribadi, bisa juga naik Ojek Online."
"Halte Transjakarta Bkn","https://www.google.com/maps/search/?api=1&query=Halte%20Transjakarta%20Bkn&query_place_id=ChIJCSIyNf7yaS4Rs6R-PCcTLNQ","3","FRW Channel","https://www.google.com/maps/reviews/data=!4m8!14m7!1m6!2m5!1sCi9DQUlRQUNvZENodHljRjlvT204eWRUTnlkRTFZYlhKRWVUWXdhMGgyUWs1UmNHYxAB!2m1!1s0x0:0xd42c13273c7ea4b3!3m1!1s2@1:CAIQACodChtycF9oOm8ydTNydE1YbXJEeTYwa0h2Qk5RcGc%7C%7C?hl=id","Kurang ramah petugasnya, apalagi jika mlam hari"
"Halte Transjakarta Bkn","https://www.google.com/maps/search/?api=1&query=Halte%20Transjakarta%20Bkn&query_place_id=ChIJCSIyNf7yaS4Rs6R-PCcTLNQ","3","agus lengoleta","https://www.google.com/maps/reviews/data=!4m8!14m7!1m6!2m5!1sChdDSUhNMG9nS0VJQ0FnSUNzcHJyMDVnRRAB!2m1!1s0x0:0xd42c13273c7ea4b3!3m1!1s2@1:CIHM0ogKEICAgICsprr05gE%7C%7C?hl=id","Halte transit yang ramai tapi kurang luas... Terutama saat waktu berangkat dan pulang kerja...
Tambahkan bus yang ke Cibubur donk... Heading time nya di perkecil supaya tidak ada penumpukan penumpang.... Sangat berbahaya saling dorong saat masuk ke busway...."
"Halte Transjakarta Bkn","https://www.google.com/maps/search/?api=1&query=Halte%20Transjakarta%20Bkn&query_place_id=ChIJCSIyNf7yaS4Rs6R-PCcTLNQ","3","Hartati Arsyad","https://www.google.com/maps/reviews/data=!4m8!14m7!1m6!2m5!1sChdDSUhNMG9nS0VJQ0FnSUNGbmI2Q193RRAB!2m1!1s0x0:0xd42c13273c7ea4b3!3m1!1s2@1:CIHM0ogKEICAgICFnb6C_wE%7C%7C?hl=id","Panas tempatnya, tangganya juga udah licik, semoga bisa segera di perbaiki"
"Halte Transjakarta Bkn","https://www.google.com/maps/search/?api=1&query=Halte%20Transjakarta%20Bkn&query_place_id=ChIJCSIyNf7yaS4Rs6R-PCcTLNQ","3","sri rahayu","https://www.google.com/maps/reviews/data=!4m8!14m7!1m6!2m5!1sChdDSUhNMG9nS0VJQ0FnSUQtMmZDMV93RRAB!2m1!1s0x0:0xd42c13273c7ea4b3!3m1!1s2@1:CIHM0ogKEICAgID-2fC1_wE%7C%7C?hl=id","Haltenya panjang, jika bingung mencari bus tujuan bisa tanya ke petugas yang berjaga."
"Halte Transjakarta Bkn","https://www.google.com/maps/search/?api=1&query=Halte%20Transjakarta%20Bkn&query_place_id=ChIJCSIyNf7yaS4Rs6R-PCcTLNQ","3","Farhan Raafi Harahap","https://www.google.com/maps/reviews/data=!4m8!14m7!1m6!2m5!1sChdDSUhNMG9nS0VJQ0FnSUM5NUxDRl9nRRAB!2m1!1s0x0:0xd42c13273c7ea4b3!3m1!1s2@1:CIHM0ogKEICAgIC95LCF_gE%7C%7C?hl=id",
"Halte Transjakarta Bkn","https://www.google.com/maps/search/?api=1&query=Halte%20Transjakarta%20Bkn&query_place_id=ChIJCSIyNf7yaS4Rs6R-PCcTLNQ","3","Komang Ayu Ratih","https://www.google.com/maps/reviews/data=!4m8!14m7!1m6!2m5!1sChZDSUhNMG9nS0VJQ0FnSUQxOHZqellREAE!2m1!1s0x0:0xd42c13273c7ea4b3!3m1!1s2@1:CIHM0ogKEICAgID18vjzYQ%7C%7C?hl=id",
"Halte Transjakarta Bkn","https://www.google.com/maps/search/?api=1&query=Halte%20Transjakarta%20Bkn&query_place_id=ChIJCSIyNf7yaS4Rs6R-PCcTLNQ","3","Nuning Yulistika","https://www.google.com/maps/reviews/data=!4m8!14m7!1m6!2m5!1sChZDSUhNMG9nS0VJQ0FnSURaN3JtQWV3EAE!2m1!1s0x0:0xd42c13273c7ea4b3!3m1!1s2@1:CIHM0ogKEICAgIDZ7rmAew%7C%7C?hl=id",
"Halte Transjakarta Bkn","https://www.google.com/maps/search/?api=1&query=Halte%20Transjakarta%20Bkn&query_place_id=ChIJCSIyNf7yaS4Rs6R-PCcTLNQ","3","Ery Adrian","https://www.google.com/maps/reviews/data=!4m8!14m7!1m6!2m5!1sChdDSUhNMG9nS0VJQ0FnSUNDd09YYXdnRRAB!2m1!1s0x0:0xd42c13273c7ea4b3!3m1!1s2@1:CIHM0ogKEICAgICCwOXawgE%7C%7C?hl=id",
"Halte Transjakarta Bkn","https://www.google.com/maps/search/?api=1&query=Halte%20Transjakarta%20Bkn&query_place_id=ChIJCSIyNf7yaS4Rs6R-PCcTLNQ","4","Fachriza Dwi F","https://www.google.com/maps/reviews/data=!4m8!14m7!1m6!2m5!1sChZDSUhNMG9nS0VJQ0FnSUNod0l5cEN3EAE!2m1!1s0x0:0xd42c13273c7ea4b3!3m1!1s2@1:CIHM0ogKEICAgIChwIypCw%7C%7C?hl=id","Padat banget sih,apalagi mau pulang ke cibubur junction"
"Halte Transjakarta Bkn","https://www.google.com/maps/search/?api=1&query=Halte%20Transjakarta%20Bkn&query_place_id=ChIJCSIyNf7yaS4Rs6R-PCcTLNQ","4","Clara Fahmi Firansyah","https://www.google.com/maps/reviews/data=!4m8!14m7!1m6!2m5!1sChdDSUhNMG9nS0VJQ0FnSUNkanRpMDRBRRAB!2m1!1s0x0:0xd42c13273c7ea4b3!3m1!1s2@1:CIHM0ogKEICAgICdjti04AE%7C%7C?hl=id","Halte tujuan transit langganan buat bolak balik..."
"Halte Transjakarta Bkn","https://www.google.com/maps/search/?api=1&query=Halte%20Transjakarta%20Bkn&query_place_id=ChIJCSIyNf7yaS4Rs6R-PCcTLNQ","4","andrini andjar","https://www.google.com/maps/reviews/data=!4m8!14m7!1m6!2m5!1sChZDSUhNMG9nS0VJQ0FnSURzOXEtbGJnEAE!2m1!1s0x0:0xd42c13273c7ea4b3!3m1!1s2@1:CIHM0ogKEICAgIDs9q-lbg%7C%7C?hl=id","Kurang bangku nya. Jg tempat sampah nya"
"Halte Transjakarta Bkn","https://www.google.com/maps/search/?api=1&query=Halte%20Transjakarta%20Bkn&query_place_id=ChIJCSIyNf7yaS4Rs6R-PCcTLNQ","4","Samuel Bestly Ruben","https://www.google.com/maps/reviews/data=!4m8!14m7!1m6!2m5!1sChZDSUhNMG9nS0VJQ0FnSUNUdzZHc01nEAE!2m1!1s0x0:0xd42c13273c7ea4b3!3m1!1s2@1:CIHM0ogKEICAgICTw6GsMg%7C%7C?hl=id","Selalu ramai"
"Halte Transjakarta Bkn","https://www.google.com/maps/search/?api=1&query=Halte%20Transjakarta%20Bkn&query_place_id=ChIJCSIyNf7yaS4Rs6R-PCcTLNQ","4","A Yusuf","https://www.google.com/maps/reviews/data=!4m8!14m7!1m6!2m5!1sChdDSUhNMG9nS0VJQ0FnSUM4MnQ2cy1nRRAB!2m1!1s0x0:0xd42c13273c7ea4b3!3m1!1s2@1:CIHM0ogKEICAgIC82t6s-gE%7C%7C?hl=id","Top"
"Halte Transjakarta Bkn","https://www.google.com/maps/search/?api=1&query=Halte%20Transjakarta%20Bkn&query_place_id=ChIJCSIyNf7yaS4Rs6R-PCcTLNQ","4","Isky Handayani","https://www.google.com/maps/reviews/data=!4m8!14m7!1m6!2m5!1sCi9DQUlRQUNvZENodHljRjlvT25GV1pYVlBka1Z4WmpGc1ZqUk5SUzFYU0VWd2RsRRAB!2m1!1s0x0:0xd42c13273c7ea4b3!3m1!1s2@1:CAIQACodChtycF9oOnFWZXVPdkVxZjFsVjRNRS1XSEVwdlE%7C%7C?hl=id",
"Makasar","https://www.google.com/maps/search/?api=1&query=Makasar&query_place_id=ChIJ2YttuJvyaS4RyNgOw_F4Ht0","5","Martin channel 87","https://www.google.com/maps/reviews/data=!4m8!14m7!1m6!2m5!1sChZDSUhNMG9nS0VJQ0FnSURCdjh6dFJREAE!2m1!1s0x0:0xdd1e78f1c30ed8c8!3m1!1s2@1:CIHM0ogKEICAgIDBv8ztRQ%7C%7C?hl=id","👍"
"Makasar","https://www.google.com/maps/search/?api=1&query=Makasar&query_place_id=ChIJ2YttuJvyaS4RyNgOw_F4Ht0","5","Ranto Antonius","https://www.google.com/maps/reviews/data=!4m8!14m7!1m6!2m5!1sChdDSUhNMG9nS0VJQ0FnSUNTNi02NTBBRRAB!2m1!1s0x0:0xdd1e78f1c30ed8c8!3m1!1s2@1:CIHM0ogKEICAgICS6-650AE%7C%7C?hl=id","deket rumah. tinggal jalan aja. lumayan hemat biaya transport. 😅"
"Makasar","https://www.google.com/maps/search/?api=1&query=Makasar&query_place_id=ChIJ2YttuJvyaS4RyNgOw_F4Ht0","5","Agus Saputra","https://www.google.com/maps/reviews/data=!4m8!14m7!1m6!2m5!1sChdDSUhNMG9nS0VJQ0FnSUQ2bmRpMXpRRRAB!2m1!1s0x0:0xdd1e78f1c30ed8c8!3m1!1s2@1:CIHM0ogKEICAgID6ndi1zQE%7C%7C?hl=id","Rasanya enak"
"Makasar","https://www.google.com/maps/search/?api=1&query=Makasar&query_place_id=ChIJ2YttuJvyaS4RyNgOw_F4Ht0","5","Faisal M","https://www.google.com/maps/reviews/data=!4m8!14m7!1m6!2m5!1sChdDSUhNMG9nS0VJQ0FnSUNBMmFpSzhBRRAB!2m1!1s0x0:0xdd1e78f1c30ed8c8!3m1!1s2@1:CIHM0ogKEICAgICA2aiK8AE%7C%7C?hl=id","Persis berada di depan mall Taman Mini. Sangat membantu"
"Makasar","https://www.google.com/maps/search/?api=1&query=Makasar&query_place_id=ChIJ2YttuJvyaS4RyNgOw_F4Ht0","5","Yanto Sajati","https://www.google.com/maps/reviews/data=!4m8!14m7!1m6!2m5!1sChdDSUhNMG9nS0VJQ0FnSURnaWNYU2dRRRAB!2m1!1s0x0:0xdd1e78f1c30ed8c8!3m1!1s2@1:CIHM0ogKEICAgIDgicXSgQE%7C%7C?hl=id","Halte bus Transjakarta di samping Tamini square."
"Makasar","https://www.google.com/maps/search/?api=1&query=Makasar&query_place_id=ChIJ2YttuJvyaS4RyNgOw_F4Ht0","5","raju aja","https://www.google.com/maps/reviews/data=!4m8!14m7!1m6!2m5!1sChZDSUhNMG9nS0VJQ0FnTURROExYMk1BEAE!2m1!1s0x0:0xdd1e78f1c30ed8c8!3m1!1s2@1:CIHM0ogKEICAgMDQ8LX2MA%7C%7C?hl=id","Bagus"
"Makasar","https://www.google.com/maps/search/?api=1&query=Makasar&query_place_id=ChIJ2YttuJvyaS4RyNgOw_F4Ht0","5","Mardi Agung Wahyanto","https://www.google.com/maps/reviews/data=!4m8!14m7!1m6!2m5!1sChZDSUhNMG9nS0VJQ0FnSUN1eHR1cEx3EAE!2m1!1s0x0:0xdd1e78f1c30ed8c8!3m1!1s2@1:CIHM0ogKEICAgICuxtupLw%7C%7C?hl=id","Posisi sangat strategis"
"Makasar","https://www.google.com/maps/search/?api=1&query=Makasar&query_place_id=ChIJ2YttuJvyaS4RyNgOw_F4Ht0","5","Laurensia Sekar","https://www.google.com/maps/reviews/data=!4m8!14m7!1m6!2m5!1sChdDSUhNMG9nS0VJQ0FnSURLalpEYXZRRRAB!2m1!1s0x0:0xdd1e78f1c30ed8c8!3m1!1s2@1:CIHM0ogKEICAgIDKjZDavQE%7C%7C?hl=id","Saya sering sekali kesini,, haltenyabagus"
"Makasar","https://www.google.com/maps/search/?api=1&query=Makasar&query_place_id=ChIJ2YttuJvyaS4RyNgOw_F4Ht0","5","Baritaku Channel","https://www.google.com/maps/reviews/data=!4m8!14m7!1m6!2m5!1sChdDSUhNMG9nS0VJQ0FnSUNRNFBuQTB3RRAB!2m1!1s0x0:0xdd1e78f1c30ed8c8!3m1!1s2@1:CIHM0ogKEICAgICQ4PnA0wE%7C%7C?hl=id","Halte busway Tamini, Kramat jati dan taman mini"
"Makasar","https://www.google.com/maps/search/?api=1&query=Makasar&query_place_id=ChIJ2YttuJvyaS4RyNgOw_F4Ht0","5","HOTLAN SARAGIH","https://www.google.com/maps/reviews/data=!4m8!14m7!1m6!2m5!1sChZDSUhNMG9nS0VJQ0FnSUNXc3ZXUmVnEAE!2m1!1s0x0:0xdd1e78f1c30ed8c8!3m1!1s2@1:CIHM0ogKEICAgICWsvWReg%7C%7C?hl=id","Tempat Penantian Bus, dan Pangkalan Gojek"
"Makasar","https://www.google.com/maps/search/?api=1&query=Makasar&query_place_id=ChIJ2YttuJvyaS4RyNgOw_F4Ht0","5","PAP Brothers","https://www.google.com/maps/reviews/data=!4m8!14m7!1m6!2m5!1sChZDSUhNMG9nS0VJQ0FnSUNBam9PdE1BEAE!2m1!1s0x0:0xdd1e78f1c30ed8c8!3m1!1s2@1:CIHM0ogKEICAgICAjoOtMA%7C%7C?hl=id","Tempat jemput penumpang grab gua wkwk"
"Makasar","https://www.google.com/maps/search/?api=1&query=Makasar&query_place_id=ChIJ2YttuJvyaS4RyNgOw_F4Ht0","5","Aan Kristian","https://www.google.com/maps/reviews/data=!4m8!14m7!1m6!2m5!1sChZDSUhNMG9nS0VJQ0FnSURVd2NPSmNBEAE!2m1!1s0x0:0xdd1e78f1c30ed8c8!3m1!1s2@1:CIHM0ogKEICAgIDUwcOJcA%7C%7C?hl=id","Transit lnsung buat order grab"
"Makasar","https://www.google.com/maps/search/?api=1&query=Makasar&query_place_id=ChIJ2YttuJvyaS4RyNgOw_F4Ht0","5","Wan Baray","https://www.google.com/maps/reviews/data=!4m8!14m7!1m6!2m5!1sChZDSUhNMG9nS0VJQ0FnSURpdE42VFN3EAE!2m1!1s0x0:0xdd1e78f1c30ed8c8!3m1!1s2@1:CIHM0ogKEICAgIDitN6TSw%7C%7C?hl=id","Hati hati kalau nyebrang jalan"
"Makasar","https://www.google.com/maps/search/?api=1&query=Makasar&query_place_id=ChIJ2YttuJvyaS4RyNgOw_F4Ht0","5","Fiki Agustus Audi","https://www.google.com/maps/reviews/data=!4m8!14m7!1m6!2m5!1sChdDSUhNMG9nS0VJQ0FnSURheEtXbzhRRRAB!2m1!1s0x0:0xdd1e78f1c30ed8c8!3m1!1s2@1:CIHM0ogKEICAgIDaxKWo8QE%7C%7C?hl=id","Bagus haltenya"
"Makasar","https://www.google.com/maps/search/?api=1&query=Makasar&query_place_id=ChIJ2YttuJvyaS4RyNgOw_F4Ht0","5","Husor Andre wily","https://www.google.com/maps/reviews/data=!4m8!14m7!1m6!2m5!1sChZDSUhNMG9nS0VJQ0FnSUNzMkl1bENREAE!2m1!1s0x0:0xdd1e78f1c30ed8c8!3m1!1s2@1:CIHM0ogKEICAgICs2IulCQ%7C%7C?hl=id","Menarik"
"Makasar","https://www.google.com/maps/search/?api=1&query=Makasar&query_place_id=ChIJ2YttuJvyaS4RyNgOw_F4Ht0","5","Dunia Komputer 7id","https://www.google.com/maps/reviews/data=!4m8!14m7!1m6!2m5!1sChRDSUhNMG9nS0VJQ0FnSURnLTVWaRAB!2m1!1s0x0:0xdd1e78f1c30ed8c8!3m1!1s2@1:CIHM0ogKEICAgIDg-5Vi%7C%7C?hl=id","jalan jalan dulu :D"
"Makasar","https://www.google.com/maps/search/?api=1&query=Makasar&query_place_id=ChIJ2YttuJvyaS4RyNgOw_F4Ht0","5","Aris Nurcholis","https://www.google.com/maps/reviews/data=!4m8!14m7!1m6!2m5!1sChdDSUhNMG9nS0VJQ0FnSUQ1aU95dWpnRRAB!2m1!1s0x0:0xdd1e78f1c30ed8c8!3m1!1s2@1:CIHM0ogKEICAgID5iOyujgE%7C%7C?hl=id","Tempat naik turun Transjakarta"
"Makasar","https://www.google.com/maps/search/?api=1&query=Makasar&query_place_id=ChIJ2YttuJvyaS4RyNgOw_F4Ht0","5","ardhy may","https://www.google.com/maps/reviews/data=!4m8!14m7!1m6!2m5!1sChdDSUhNMG9nS0VJQ0FnSUN1bTZULTlRRRAB!2m1!1s0x0:0xdd1e78f1c30ed8c8!3m1!1s2@1:CIHM0ogKEICAgICum6T-9QE%7C%7C?hl=id","Tempat contest motor"
"Makasar","https://www.google.com/maps/search/?api=1&query=Makasar&query_place_id=ChIJ2YttuJvyaS4RyNgOw_F4Ht0","5","ff Rahmat","https://www.google.com/maps/reviews/data=!4m8!14m7!1m6!2m5!1sChZDSUhNMG9nS0VJQ0FnSUR5bnBERUdBEAE!2m1!1s0x0:0xdd1e78f1c30ed8c8!3m1!1s2@1:CIHM0ogKEICAgIDynpDEGA%7C%7C?hl=id","Nyaman & mudah"
"Makasar","https://www.google.com/maps/search/?api=1&query=Makasar&query_place_id=ChIJ2YttuJvyaS4RyNgOw_F4Ht0","5","Nella Andriani","https://www.google.com/maps/reviews/data=!4m8!14m7!1m6!2m5!1sChZDSUhNMG9nS0VJQ0FnSURlbjRPVGFBEAE!2m1!1s0x0:0xdd1e78f1c30ed8c8!3m1!1s2@1:CIHM0ogKEICAgIDen4OTaA%7C%7C?hl=id","Numpang lewat doang"
"Halte Transjakarta Bkn","https://www.google.com/maps/search/?api=1&query=Halte%20Transjakarta%20Bkn&query_place_id=ChIJCSIyNf7yaS4Rs6R-PCcTLNQ","4","Arie Dirga","https://www.google.com/maps/reviews/data=!4m8!14m7!1m6!2m5!1sChdDSUhNMG9nS0VJQ0FnSUM3bWZmcGdRRRAB!2m1!1s0x0:0xd42c13273c7ea4b3!3m1!1s2@1:CIHM0ogKEICAgIC7mffpgQE%7C%7C?hl=id",
"Halte Transjakarta Bkn","https://www.google.com/maps/search/?api=1&query=Halte%20Transjakarta%20Bkn&query_place_id=ChIJCSIyNf7yaS4Rs6R-PCcTLNQ","4","albert Kadafi","https://www.google.com/maps/reviews/data=!4m8!14m7!1m6!2m5!1sChZDSUhNMG9nS0VJQ0FnSUR0al9mdVV3EAE!2m1!1s0x0:0xd42c13273c7ea4b3!3m1!1s2@1:CIHM0ogKEICAgIDtj_fuUw%7C%7C?hl=id",
"Halte Transjakarta Bkn","https://www.google.com/maps/search/?api=1&query=Halte%20Transjakarta%20Bkn&query_place_id=ChIJCSIyNf7yaS4Rs6R-PCcTLNQ","4","Joe_Lius","https://www.google.com/maps/reviews/data=!4m8!14m7!1m6!2m5!1sChdDSUhNMG9nS0VJQ0FnSUNWd1ltWWxRRRAB!2m1!1s0x0:0xd42c13273c7ea4b3!3m1!1s2@1:CIHM0ogKEICAgICVwYmYlQE%7C%7C?hl=id",
"Halte Transjakarta Bkn","https://www.google.com/maps/search/?api=1&query=Halte%20Transjakarta%20Bkn&query_place_id=ChIJCSIyNf7yaS4Rs6R-PCcTLNQ","4","Helen Octa Lentaya","https://www.google.com/maps/reviews/data=!4m8!14m7!1m6!2m5!1sChZDSUhNMG9nS0VJQ0FnSURSeDR1eGZBEAE!2m1!1s0x0:0xd42c13273c7ea4b3!3m1!1s2@1:CIHM0ogKEICAgIDRx4uxfA%7C%7C?hl=id",
"Halte Transjakarta Bkn","https://www.google.com/maps/search/?api=1&query=Halte%20Transjakarta%20Bkn&query_place_id=ChIJCSIyNf7yaS4Rs6R-PCcTLNQ","4","Andru Rama Chandra Buana","https://www.google.com/maps/reviews/data=!4m8!14m7!1m6!2m5!1sChdDSUhNMG9nS0VJQ0FnSURCeDdhRWpnRRAB!2m1!1s0x0:0xd42c13273c7ea4b3!3m1!1s2@1:CIHM0ogKEICAgIDBx7aEjgE%7C%7C?hl=id",
"Halte Transjakarta Bkn","https://www.google.com/maps/search/?api=1&query=Halte%20Transjakarta%20Bkn&query_place_id=ChIJCSIyNf7yaS4Rs6R-PCcTLNQ","4","Nelson Simanjuntak","https://www.google.com/maps/reviews/data=!4m8!14m7!1m6!2m5!1sChdDSUhNMG9nS0VJQ0FnSUM4cnVpVTdnRRAB!2m1!1s0x0:0xd42c13273c7ea4b3!3m1!1s2@1:CIHM0ogKEICAgIC8ruiU7gE%7C%7C?hl=id",
"Halte Transjakarta Bkn","https://www.google.com/maps/search/?api=1&query=Halte%20Transjakarta%20Bkn&query_place_id=ChIJCSIyNf7yaS4Rs6R-PCcTLNQ","4","Pangarsa Budi Utama","https://www.google.com/maps/reviews/data=!4m8!14m7!1m6!2m5!1sChdDSUhNMG9nS0VJQ0FnSUNjZ19laXVnRRAB!2m1!1s0x0:0xd42c13273c7ea4b3!3m1!1s2@1:CIHM0ogKEICAgICcg_eiugE%7C%7C?hl=id",
"Halte Transjakarta Bkn","https://www.google.com/maps/search/?api=1&query=Halte%20Transjakarta%20Bkn&query_place_id=ChIJCSIyNf7yaS4Rs6R-PCcTLNQ","4","MQ “Qudratullah” Wijayakusuma","https://www.google.com/maps/reviews/data=!4m8!14m7!1m6!2m5!1sChdDSUhNMG9nS0VJQ0FnSURzeVlfc193RRAB!2m1!1s0x0:0xd42c13273c7ea4b3!3m1!1s2@1:CIHM0ogKEICAgIDsyY_s_wE%7C%7C?hl=id",
"Halte Transjakarta Bkn","https://www.google.com/maps/search/?api=1&query=Halte%20Transjakarta%20Bkn&query_place_id=ChIJCSIyNf7yaS4Rs6R-PCcTLNQ","4","Renal andi","https://www.google.com/maps/reviews/data=!4m8!14m7!1m6!2m5!1sChZDSUhNMG9nS0VJQ0FnSURzM3V6eGN3EAE!2m1!1s0x0:0xd42c13273c7ea4b3!3m1!1s2@1:CIHM0ogKEICAgIDs3uzxcw%7C%7C?hl=id",
"Halte Transjakarta Bkn","https://www.google.com/maps/search/?api=1&query=Halte%20Transjakarta%20Bkn&query_place_id=ChIJCSIyNf7yaS4Rs6R-PCcTLNQ","4","Rahmadania Maisyaroh","https://www.google.com/maps/reviews/data=!4m8!14m7!1m6!2m5!1sChZDSUhNMG9nS0VJQ0FnSUNzcnNmNmNBEAE!2m1!1s0x0:0xd42c13273c7ea4b3!3m1!1s2@1:CIHM0ogKEICAgICsrsf6cA%7C%7C?hl=id",
"Halte Transjakarta Bkn","https://www.google.com/maps/search/?api=1&query=Halte%20Transjakarta%20Bkn&query_place_id=ChIJCSIyNf7yaS4Rs6R-PCcTLNQ","4","Malik","https://www.google.com/maps/reviews/data=!4m8!14m7!1m6!2m5!1sChZDSUhNMG9nS0VJQ0FnSURNOEpTLU5BEAE!2m1!1s0x0:0xd42c13273c7ea4b3!3m1!1s2@1:CIHM0ogKEICAgIDM8JS-NA%7C%7C?hl=id",
"Halte Transjakarta Bkn","https://www.google.com/maps/search/?api=1&query=Halte%20Transjakarta%20Bkn&query_place_id=ChIJCSIyNf7yaS4Rs6R-PCcTLNQ","5","Sri Wati","https://www.google.com/maps/reviews/data=!4m8!14m7!1m6!2m5!1sChdDSUhNMG9nS0VJQ0FnSUNKcXJYQXZBRRAB!2m1!1s0x0:0xd42c13273c7ea4b3!3m1!1s2@1:CIHM0ogKEICAgICJqrXAvAE%7C%7C?hl=id","Halte tdk padat, menunggu teman jdny santai😇"
"Halte Transjakarta Bkn","https://www.google.com/maps/search/?api=1&query=Halte%20Transjakarta%20Bkn&query_place_id=ChIJCSIyNf7yaS4Rs6R-PCcTLNQ","5","Prans Medan","https://www.google.com/maps/reviews/data=!4m8!14m7!1m6!2m5!1sChRDSUhNMG9nS0VJQ0FnSURNMnZsZRAB!2m1!1s0x0:0xd42c13273c7ea4b3!3m1!1s2@1:CIHM0ogKEICAgIDM2vle%7C%7C?hl=id","Dulu saya perna ada kenalan orang cewek kita Medan dan hubungan kmi suda sempat  menjalani 2 thn.ini kemudian di thn. 2018  sampai skrng dia tdak ada kabar untuk suda dmn itulah pertanda PGC tempat kenang dan sampai skrng saya Masi sendiri. Martha Melisa Sihombing🥺 dmnpun kmu berada hasian ku ingot ma goarhu 🥺🙏GBI🥺🥺🥺🥺"
"Halte Transjakarta Bkn","https://www.google.com/maps/search/?api=1&query=Halte%20Transjakarta%20Bkn&query_place_id=ChIJCSIyNf7yaS4Rs6R-PCcTLNQ","5","Diah Sundari","https://www.google.com/maps/reviews/data=!4m8!14m7!1m6!2m5!1sChdDSUhNMG9nS0VJQ0FnSURwNjlHMDZnRRAB!2m1!1s0x0:0xd42c13273c7ea4b3!3m1!1s2@1:CIHM0ogKEICAgIDp69G06gE%7C%7C?hl=id","Rute nya yang disukai karena jurusan pulang ke cibubur. Yaitu jurusan 7C cibubur karena arah pulangnya dari sana cepat"
"Halte Transjakarta Bkn","https://www.google.com/maps/search/?api=1&query=Halte%20Transjakarta%20Bkn&query_place_id=ChIJCSIyNf7yaS4Rs6R-PCcTLNQ","5","Arya Tanujaya","https://www.google.com/maps/reviews/data=!4m8!14m7!1m6!2m5!1sChdDSUhNMG9nS0VJQ0FnSUNsOXNxNnR3RRAB!2m1!1s0x0:0xd42c13273c7ea4b3!3m1!1s2@1:CIHM0ogKEICAgICl9sq6twE%7C%7C?hl=id","Halteu yang snagat nyaman, untuk kedatangan bus selanjutnya sangat cepat"
"Halte Transjakarta Bkn","https://www.google.com/maps/search/?api=1&query=Halte%20Transjakarta%20Bkn&query_place_id=ChIJCSIyNf7yaS4Rs6R-PCcTLNQ","5","Asep Yellowpages","https://www.google.com/maps/reviews/data=!4m8!14m7!1m6!2m5!1sChdDSUhNMG9nS0VJQ0FnSUQwNXFPd2h3RRAB!2m1!1s0x0:0xd42c13273c7ea4b3!3m1!1s2@1:CIHM0ogKEICAgID05qOwhwE%7C%7C?hl=id","Melayani transit ke berbagai tujuan"
"Halte Transjakarta Bkn","https://www.google.com/maps/search/?api=1&query=Halte%20Transjakarta%20Bkn&query_place_id=ChIJCSIyNf7yaS4Rs6R-PCcTLNQ","5","vino si uje","https://www.google.com/maps/reviews/data=!4m8!14m7!1m6!2m5!1sChZDSUhNMG9nS0VJQ0FnSURCMDhmVEx3EAE!2m1!1s0x0:0xd42c13273c7ea4b3!3m1!1s2@1:CIHM0ogKEICAgIDB08fTLw%7C%7C?hl=id","Tempat tunggu transit TJ ke arah Bekasi👍"
"Halte Transjakarta Bkn","https://www.google.com/maps/search/?api=1&query=Halte%20Transjakarta%20Bkn&query_place_id=ChIJCSIyNf7yaS4Rs6R-PCcTLNQ","5","Omreg Siregar","https://www.google.com/maps/reviews/data=!4m8!14m7!1m6!2m5!1sChdDSUhNMG9nS0VJQ0FnSUNPcTQ3c19nRRAB!2m1!1s0x0:0xd42c13273c7ea4b3!3m1!1s2@1:CIHM0ogKEICAgICOq47s_gE%7C%7C?hl=id","Halte penghubung Cawang dengan Cibubur Jansen"
"Halte Transjakarta Bkn","https://www.google.com/maps/search/?api=1&query=Halte%20Transjakarta%20Bkn&query_place_id=ChIJCSIyNf7yaS4Rs6R-PCcTLNQ","5","Reza Putri","https://www.google.com/maps/reviews/data=!4m8!14m7!1m6!2m5!1sChZDSUhNMG9nS0VJQ0FnSURVbWJxRVJ3EAE!2m1!1s0x0:0xd42c13273c7ea4b3!3m1!1s2@1:CIHM0ogKEICAgIDUmbqERw%7C%7C?hl=id","Transit semua jurusan"
"Halte Transjakarta Bkn","https://www.google.com/maps/search/?api=1&query=Halte%20Transjakarta%20Bkn&query_place_id=ChIJCSIyNf7yaS4Rs6R-PCcTLNQ","5","irfan maja","https://www.google.com/maps/reviews/data=!4m8!14m7!1m6!2m5!1sChZDSUhNMG9nS0VJQ0FnSURNX3IzbEZREAE!2m1!1s0x0:0xd42c13273c7ea4b3!3m1!1s2@1:CIHM0ogKEICAgIDM_r3lFQ%7C%7C?hl=id","Halte transit yg nyaman"
"Halte Transjakarta Bkn","https://www.google.com/maps/search/?api=1&query=Halte%20Transjakarta%20Bkn&query_place_id=ChIJCSIyNf7yaS4Rs6R-PCcTLNQ","5","Aji Fahru","https://www.google.com/maps/reviews/data=!4m8!14m7!1m6!2m5!1sChdDSUhNMG9nS0VJQ0FnSUQ4aWZLWm1nRRAB!2m1!1s0x0:0xd42c13273c7ea4b3!3m1!1s2@1:CIHM0ogKEICAgID8ifKZmgE%7C%7C?hl=id","Bagus"
"Halte Transjakarta Bkn","https://www.google.com/maps/search/?api=1&query=Halte%20Transjakarta%20Bkn&query_place_id=ChIJCSIyNf7yaS4Rs6R-PCcTLNQ","5","Andri Purwati","https://www.google.com/maps/reviews/data=!4m8!14m7!1m6!2m5!1sChZDSUhNMG9nS0VJQ0FnSURzeU5iM2Z3EAE!2m1!1s0x0:0xd42c13273c7ea4b3!3m1!1s2@1:CIHM0ogKEICAgIDsyNb3fw%7C%7C?hl=id","Yongs"
"Halte Transjakarta Bkn","https://www.google.com/maps/search/?api=1&query=Halte%20Transjakarta%20Bkn&query_place_id=ChIJCSIyNf7yaS4Rs6R-PCcTLNQ","5","A M S Pamulu","https://www.google.com/maps/reviews/data=!4m8!14m7!1m6!2m5!1sCi9DQUlRQUNvZENodHljRjlvT2pSTVVsTk5UR2RDY0RWYWNVTmFaMm93TFVkSlNXYxAB!2m1!1s0x0:0xd42c13273c7ea4b3!3m1!1s2@1:CAIQACodChtycF9oOjRMUlNNTGdCcDVacUNaZ2owLUdJSWc%7C%7C?hl=id",
"Halte Transjakarta Bkn","https://www.google.com/maps/search/?api=1&query=Halte%20Transjakarta%20Bkn&query_place_id=ChIJCSIyNf7yaS4Rs6R-PCcTLNQ","5","anugrah sebayang","https://www.google.com/maps/reviews/data=!4m8!14m7!1m6!2m5!1sCi9DQUlRQUNvZENodHljRjlvT25WaWFWYzFSVTVCTW5seFkwWnBhR3hGVWpsUGJWRRAB!2m1!1s0x0:0xd42c13273c7ea4b3!3m1!1s2@1:CAIQACodChtycF9oOnViaVc1RU5BMnlxY0ZpaGxFUjlPbVE%7C%7C?hl=id",
"Halte Transjakarta Bkn","https://www.google.com/maps/search/?api=1&query=Halte%20Transjakarta%20Bkn&query_place_id=ChIJCSIyNf7yaS4Rs6R-PCcTLNQ","5","sandi suhendi","https://www.google.com/maps/reviews/data=!4m8!14m7!1m6!2m5!1sCi9DQUlRQUNvZENodHljRjlvT20xb1pGUm9TRTVCY0ZKcmNrbERRVTVvY1hkaVNIYxAB!2m1!1s0x0:0xd42c13273c7ea4b3!3m1!1s2@1:CAIQACodChtycF9oOm1oZFRoSE5BcFJrcklDQU5ocXdiSHc%7C%7C?hl=id",
"Halte Transjakarta Bkn","https://www.google.com/maps/search/?api=1&query=Halte%20Transjakarta%20Bkn&query_place_id=ChIJCSIyNf7yaS4Rs6R-PCcTLNQ","5","Andi Pna","https://www.google.com/maps/reviews/data=!4m8!14m7!1m6!2m5!1sChdDSUhNMG9nS0VOejVqZS1COTQtNHNnRRAB!2m1!1s0x0:0xd42c13273c7ea4b3!3m1!1s2@1:CIHM0ogKENz5je-B94-4sgE%7C%7C?hl=id",
"Halte Transjakarta Bkn","https://www.google.com/maps/search/?api=1&query=Halte%20Transjakarta%20Bkn&query_place_id=ChIJCSIyNf7yaS4Rs6R-PCcTLNQ","5","Andi Cevin pratama","https://www.google.com/maps/reviews/data=!4m8!14m7!1m6!2m5!1sChZDSUhNMG9nS0VJQ0FnTUR3LTYzY1NREAE!2m1!1s0x0:0xd42c13273c7ea4b3!3m1!1s2@1:CIHM0ogKEICAgMDw-63cSQ%7C%7C?hl=id",
"Halte Transjakarta Bkn","https://www.google.com/maps/search/?api=1&query=Halte%20Transjakarta%20Bkn&query_place_id=ChIJCSIyNf7yaS4Rs6R-PCcTLNQ","5","Tegar","https://www.google.com/maps/reviews/data=!4m8!14m7!1m6!2m5!1sChZDSUhNMG9nS0VJQ0FnSUNOejd5RUF3EAE!2m1!1s0x0:0xd42c13273c7ea4b3!3m1!1s2@1:CIHM0ogKEICAgICNz7yEAw%7C%7C?hl=id",
"Halte Transjakarta Bkn","https://www.google.com/maps/search/?api=1&query=Halte%20Transjakarta%20Bkn&query_place_id=ChIJCSIyNf7yaS4Rs6R-PCcTLNQ","5","Teddy Handika","https://www.google.com/maps/reviews/data=!4m8!14m7!1m6!2m5!1sChdDSUhNMG9nS0VJQ0FnSURadnV2WW5nRRAB!2m1!1s0x0:0xd42c13273c7ea4b3!3m1!1s2@1:CIHM0ogKEICAgIDZvuvYngE%7C%7C?hl=id",
"Halte Transjakarta Bkn","https://www.google.com/maps/search/?api=1&query=Halte%20Transjakarta%20Bkn&query_place_id=ChIJCSIyNf7yaS4Rs6R-PCcTLNQ","5","Agape Family","https://www.google.com/maps/reviews/data=!4m8!14m7!1m6!2m5!1sChdDSUhNMG9nS0VJQ0FnSUNwbWYyMW5BRRAB!2m1!1s0x0:0xd42c13273c7ea4b3!3m1!1s2@1:CIHM0ogKEICAgICpmf21nAE%7C%7C?hl=id",
"Halte Transjakarta Bkn","https://www.google.com/maps/search/?api=1&query=Halte%20Transjakarta%20Bkn&query_place_id=ChIJCSIyNf7yaS4Rs6R-PCcTLNQ","5","Sapti Amizona","https://www.google.com/maps/reviews/data=!4m8!14m7!1m6!2m5!1sChZDSUhNMG9nS0VJQ0FnSURCMVp6Sk9REAE!2m1!1s0x0:0xd42c13273c7ea4b3!3m1!1s2@1:CIHM0ogKEICAgIDB1ZzJOQ%7C%7C?hl=id",
"Halte Transjakarta Bkn","https://www.google.com/maps/search/?api=1&query=Halte%20Transjakarta%20Bkn&query_place_id=ChIJCSIyNf7yaS4Rs6R-PCcTLNQ","5","Zen Fanny Parulian Pardosi","https://www.google.com/maps/reviews/data=!4m8!14m7!1m6!2m5!1sChZDSUhNMG9nS0VJQ0FnSUNCNmNpbUZREAE!2m1!1s0x0:0xd42c13273c7ea4b3!3m1!1s2@1:CIHM0ogKEICAgICB6cimFQ%7C%7C?hl=id",
"Halte Transjakarta Bkn","https://www.google.com/maps/search/?api=1&query=Halte%20Transjakarta%20Bkn&query_place_id=ChIJCSIyNf7yaS4Rs6R-PCcTLNQ","5","edrik samudra","https://www.google.com/maps/reviews/data=!4m8!14m7!1m6!2m5!1sChZDSUhNMG9nS0VJQ0FnSUQtdnBuamR3EAE!2m1!1s0x0:0xd42c13273c7ea4b3!3m1!1s2@1:CIHM0ogKEICAgID-vpnjdw%7C%7C?hl=id",
"Halte Transjakarta Bkn","https://www.google.com/maps/search/?api=1&query=Halte%20Transjakarta%20Bkn&query_place_id=ChIJCSIyNf7yaS4Rs6R-PCcTLNQ","5","Oka Imanidar","https://www.google.com/maps/reviews/data=!4m8!14m7!1m6!2m5!1sChdDSUhNMG9nS0VJQ0FnSUQtelBtZXNnRRAB!2m1!1s0x0:0xd42c13273c7ea4b3!3m1!1s2@1:CIHM0ogKEICAgID-zPmesgE%7C%7C?hl=id",
"Halte Transjakarta Bkn","https://www.google.com/maps/search/?api=1&query=Halte%20Transjakarta%20Bkn&query_place_id=ChIJCSIyNf7yaS4Rs6R-PCcTLNQ","5","Luthfi Azizah Firdaus","https://www.google.com/maps/reviews/data=!4m8!14m7!1m6!2m5!1sChZDSUhNMG9nS0VJQ0FnSUNlcTdHYVl3EAE!2m1!1s0x0:0xd42c13273c7ea4b3!3m1!1s2@1:CIHM0ogKEICAgICeq7GaYw%7C%7C?hl=id",
"Halte Transjakarta Bkn","https://www.google.com/maps/search/?api=1&query=Halte%20Transjakarta%20Bkn&query_place_id=ChIJCSIyNf7yaS4Rs6R-PCcTLNQ","5","PIKMI Rajawali","https://www.google.com/maps/reviews/data=!4m8!14m7!1m6!2m5!1sChdDSUhNMG9nS0VJQ0FnSUNDaDlIb21RRRAB!2m1!1s0x0:0xd42c13273c7ea4b3!3m1!1s2@1:CIHM0ogKEICAgICCh9HomQE%7C%7C?hl=id",
"Halte Transjakarta Bkn","https://www.google.com/maps/search/?api=1&query=Halte%20Transjakarta%20Bkn&query_place_id=ChIJCSIyNf7yaS4Rs6R-PCcTLNQ","5","LOHOT TAMBUNAN","https://www.google.com/maps/reviews/data=!4m8!14m7!1m6!2m5!1sChZDSUhNMG9nS0VJQ0FnSURjN09fdEt3EAE!2m1!1s0x0:0xd42c13273c7ea4b3!3m1!1s2@1:CIHM0ogKEICAgIDc7O_tKw%7C%7C?hl=id",
"Halte Transjakarta Bkn","https://www.google.com/maps/search/?api=1&query=Halte%20Transjakarta%20Bkn&query_place_id=ChIJCSIyNf7yaS4Rs6R-PCcTLNQ","5","Mr Mbaren","https://www.google.com/maps/reviews/data=!4m8!14m7!1m6!2m5!1sChdDSUhNMG9nS0VJQ0FnSURjcUtqRnpnRRAB!2m1!1s0x0:0xd42c13273c7ea4b3!3m1!1s2@1:CIHM0ogKEICAgIDcqKjFzgE%7C%7C?hl=id",
"Halte Transjakarta Bkn","https://www.google.com/maps/search/?api=1&query=Halte%20Transjakarta%20Bkn&query_place_id=ChIJCSIyNf7yaS4Rs6R-PCcTLNQ","5","Dyan Fernando Surbakti","https://www.google.com/maps/reviews/data=!4m8!14m7!1m6!2m5!1sChdDSUhNMG9nS0VJQ0FnSUNjdjVIMnJnRRAB!2m1!1s0x0:0xd42c13273c7ea4b3!3m1!1s2@1:CIHM0ogKEICAgICcv5H2rgE%7C%7C?hl=id",
"Halte Transjakarta Bkn","https://www.google.com/maps/search/?api=1&query=Halte%20Transjakarta%20Bkn&query_place_id=ChIJCSIyNf7yaS4Rs6R-PCcTLNQ","5","Mela Septiani","https://www.google.com/maps/reviews/data=!4m8!14m7!1m6!2m5!1sChdDSUhNMG9nS0VJQ0FnSURNN2Vmdm1nRRAB!2m1!1s0x0:0xd42c13273c7ea4b3!3m1!1s2@1:CIHM0ogKEICAgIDM7efvmgE%7C%7C?hl=id",
"Halte Transjakarta Bkn","https://www.google.com/maps/search/?api=1&query=Halte%20Transjakarta%20Bkn&query_place_id=ChIJCSIyNf7yaS4Rs6R-PCcTLNQ","5","Risa Amelia","https://www.google.com/maps/reviews/data=!4m8!14m7!1m6!2m5!1sChdDSUhNMG9nS0VJQ0FnSUNNMTdycm1BRRAB!2m1!1s0x0:0xd42c13273c7ea4b3!3m1!1s2@1:CIHM0ogKEICAgICM17rrmAE%7C%7C?hl=id",
"Halte Transjakarta Bkn","https://www.google.com/maps/search/?api=1&query=Halte%20Transjakarta%20Bkn&query_place_id=ChIJCSIyNf7yaS4Rs6R-PCcTLNQ","5","Uddin Wahyuddin","https://www.google.com/maps/reviews/data=!4m8!14m7!1m6!2m5!1sChZDSUhNMG9nS0VJQ0FnSUQwMmV1MFFnEAE!2m1!1s0x0:0xd42c13273c7ea4b3!3m1!1s2@1:CIHM0ogKEICAgID02eu0Qg%7C%7C?hl=id",
"Pejaten","https://www.google.com/maps/search/?api=1&query=Pejaten&query_place_id=ChIJl61rVT3yaS4Rbs8u05uvovI","1","iqbal l","https://www.google.com/maps/reviews/data=!4m8!14m7!1m6!2m5!1sChdDSUhNMG9nS0VJQ0FnSUNyb1BMRW13RRAB!2m1!1s0x0:0xf2a2af9bd32ecf6e!3m1!1s2@1:CIHM0ogKEICAgICroPLEmwE%7C%7C?hl=id","ko saya topup via qris gopay gamasuk ke saldonya ke kartu jackcard hilang gtu aja tanpa ada info jelas dari petuas .malah dia bilang gabisa oake gopay . .Knamun saldo gopay saya sudah terpotong/berkurang .dan struk bukti topupnya pun keluar .dan saya masi coba pakai cash ternyata gabisa .smua penumpang gabisa top up
tolong untuk pimpinan yg menghandle halte pejaten penjaten village agar lebih di pantau dan di beri arahan trutama crew kalian .sampe bisa bisa ga ada putagas yg standby di pintu akses untuk naik bushwaynya
HARUSNYA KALAU GABISA TOPUP VIA GOPAY ITU DI BERI KETERABGAN DONG.LEADER DAN CREW SAMA SAMA GAPUNYA INISIATIF UNTUK MENGINGATKAN .MALAH SIBUK MAIN HP .SAYA PUNYA BUKTI VALID SEMUANYA ADA!"
"Pejaten","https://www.google.com/maps/search/?api=1&query=Pejaten&query_place_id=ChIJl61rVT3yaS4Rbs8u05uvovI","1","Mamzki Gabler","https://www.google.com/maps/reviews/data=!4m8!14m7!1m6!2m5!1sChZDSUhNMG9nS0VJQ0FnSUNBeFpIc1pREAE!2m1!1s0x0:0xf2a2af9bd32ecf6e!3m1!1s2@1:CIHM0ogKEICAgICAxZHsZQ%7C%7C?hl=id","Dear Transjakarta,

Entah harus bagaimana lagi kami menyampaikan kepada PT.Transjakarta mengenai pengurangan bus No.6B jurusan Ragunan~Monas via Semanggi, ini bukti nyata ketidakadilan yang terjadi pada rute menuju monas karena pembagian bus sangat tidak masuk akal, harus diketahui bahwa banyaknya bus lain berlalu dengan keadaan masih lega sedangkan bus No.6B yang datangnya lama sekalipun datang sudah penuh dengan penumpang.

Mohon review hal berikut ini :

1. Bus No.6 jurusan Ragunan~Dukuh Atas membantu pengguna menuju halte Kuningan Timur hingga halte Setia Budi Aini sampai Dukuh Atas

2. Bus No.6A jurusan Ragunan~Monas via Kuningan membantu pengguna menuju halte Kuningan Timur hingga halte Setia Budi Aini sampai Monas

3. Bus Feeder jurusan Lebak Bulus~Senen membantu pengguna menuju hatle Kuningan Timur hingga halte Setia Budi Aini sampai Senen

*TIGA RUTE BUS MEMBANTU PENGGUNA KE HALTE YANG SAMA TAPI JUMLAH BUS NORMAL*

Sedangkan....

4. Bus No.6B jurusan Ragunan~Monas via Semanggi yang membantu pengguna menuju halte yang berbeda yakni halte Gatot Subroto Jamsostek hingga halte Semanggi sampai Monas TAPI JUMLAH BUS SEDIKIT.

Alasan apakah membuat kebijakan yang menguntungkan sebelah? MACET? kenapa No.6B yang dikorbankan? Semua bus dijalur ini sama-sama melewati penyempitan jalan untuk proyek penggalian di Mampang loh.

Kalau alternatifnya bus No.L6 jurusan Ragunan~Monas hanya membantu sebagian kecil pengguna yang bertempat tinggal di area Ragunan, lantas bagaimana dengan kami yang bertempat tinggal di area Warung Buncit dan sekitarnya, apa kami harus memutar jauh menuju halte Pertanian untuk mendapatkan bus No.L6? Lagipula sekarang jalur Antasari macetnya minta ampun, kami hanya bisa mengelus dada dengan kebijakan semacam ini, bagi kami saat ini menunggu bus No.6B bagaikan menunggu perahu Nabi Luth, siapa yang tertinggal dialah yang mati.

KARIR KAMI TERANCAM PADAM JIKA SETIAP HARI TERLAMBAT DATANG KANTOR.

Untuk itu berikan kebijakan yang seimbang kepada kami pengguna bus Transjakarta.

Terimakasih."
"Pejaten","https://www.google.com/maps/search/?api=1&query=Pejaten&query_place_id=ChIJl61rVT3yaS4Rbs8u05uvovI","1","aurellia yunus","https://www.google.com/maps/reviews/data=!4m8!14m7!1m6!2m5!1sChZDSUhNMG9nS0VJQ0FnSUNMdDlQd0lBEAE!2m1!1s0x0:0xf2a2af9bd32ecf6e!3m1!1s2@1:CIHM0ogKEICAgICLt9PwIA%7C%7C?hl=id","STAFF NYA GAK ADA YG RAMAH!!!! APALAGI YG IBU IBU"
"Pejaten","https://www.google.com/maps/search/?api=1&query=Pejaten&query_place_id=ChIJl61rVT3yaS4Rbs8u05uvovI","1","Robi Alamin","https://www.google.com/maps/reviews/data=!4m8!14m7!1m6!2m5!1sChZDSUhNMG9nS0VJQ0FnSUNjd2VQd053EAE!2m1!1s0x0:0xf2a2af9bd32ecf6e!3m1!1s2@1:CIHM0ogKEICAgICcwePwNw%7C%7C?hl=id",
"Pejaten","https://www.google.com/maps/search/?api=1&query=Pejaten&query_place_id=ChIJl61rVT3yaS4Rbs8u05uvovI","1","Muazim Achmad","https://www.google.com/maps/reviews/data=!4m8!14m7!1m6!2m5!1sChZDSUhNMG9nS0VJQ0FnSUNBNzVYX2R3EAE!2m1!1s0x0:0xf2a2af9bd32ecf6e!3m1!1s2@1:CIHM0ogKEICAgICA75X_dw%7C%7C?hl=id",
"Pejaten","https://www.google.com/maps/search/?api=1&query=Pejaten&query_place_id=ChIJl61rVT3yaS4Rbs8u05uvovI","1","Nick Jewell","https://www.google.com/maps/reviews/data=!4m8!14m7!1m6!2m5!1sChZDSUhNMG9nS0VJQ0FnSUN3cmZ6YkZREAE!2m1!1s0x0:0xf2a2af9bd32ecf6e!3m1!1s2@1:CIHM0ogKEICAgICwrfzbFQ%7C%7C?hl=id",
"Pejaten","https://www.google.com/maps/search/?api=1&query=Pejaten&query_place_id=ChIJl61rVT3yaS4Rbs8u05uvovI","2","nyoman cahya","https://www.google.com/maps/reviews/data=!4m8!14m7!1m6!2m5!1sChZDSUhNMG9nS0VJQ0FnSUNRNktQaGJnEAE!2m1!1s0x0:0xf2a2af9bd32ecf6e!3m1!1s2@1:CIHM0ogKEICAgICQ6KPhbg%7C%7C?hl=id","Oke"
"Pejaten","https://www.google.com/maps/search/?api=1&query=Pejaten&query_place_id=ChIJl61rVT3yaS4Rbs8u05uvovI","2","M Miftachul Munif","https://www.google.com/maps/reviews/data=!4m8!14m7!1m6!2m5!1sChdDSUhNMG9nS0VJQ0FnSURBeDRITmh3RRAB!2m1!1s0x0:0xf2a2af9bd32ecf6e!3m1!1s2@1:CIHM0ogKEICAgIDAx4HNhwE%7C%7C?hl=id",
"Pejaten","https://www.google.com/maps/search/?api=1&query=Pejaten&query_place_id=ChIJl61rVT3yaS4Rbs8u05uvovI","3","shaniandreas6","https://www.google.com/maps/reviews/data=!4m8!14m7!1m6!2m5!1sChZDSUhNMG9nS0VJQ0FnSUNIOS1pb01nEAE!2m1!1s0x0:0xf2a2af9bd32ecf6e!3m1!1s2@1:CIHM0ogKEICAgICH9-ioMg%7C%7C?hl=id","Salah satu halte bus transjakarta dengab fasilitas standar cuman ada topup mesin aja."
"Pejaten","https://www.google.com/maps/search/?api=1&query=Pejaten&query_place_id=ChIJl61rVT3yaS4Rbs8u05uvovI","3","R.Bangun Waloejo IR","https://www.google.com/maps/reviews/data=!4m8!14m7!1m6!2m5!1sChdDSUhNMG9nS0VJQ0FnSURLdk1IeDBRRRAB!2m1!1s0x0:0xf2a2af9bd32ecf6e!3m1!1s2@1:CIHM0ogKEICAgIDKvMHx0QE%7C%7C?hl=id","Cukup baik dan memberi suasana berbelanja sambil jalan2"
"Pejaten","https://www.google.com/maps/search/?api=1&query=Pejaten&query_place_id=ChIJl61rVT3yaS4Rbs8u05uvovI","3","Joko Rustandi","https://www.google.com/maps/reviews/data=!4m8!14m7!1m6!2m5!1sChZDSUhNMG9nS0VJQ0FnSURwX0lMU0lnEAE!2m1!1s0x0:0xf2a2af9bd32ecf6e!3m1!1s2@1:CIHM0ogKEICAgIDp_ILSIg%7C%7C?hl=id","Jalur nya sempit"
"Pejaten","https://www.google.com/maps/search/?api=1&query=Pejaten&query_place_id=ChIJl61rVT3yaS4Rbs8u05uvovI","3","Damar Prawira","https://www.google.com/maps/reviews/data=!4m8!14m7!1m6!2m5!1sChdDSUhNMG9nS0VJQ0FnSURDcHBDZTVBRRAB!2m1!1s0x0:0xf2a2af9bd32ecf6e!3m1!1s2@1:CIHM0ogKEICAgIDCppCe5AE%7C%7C?hl=id","Lumayan buat shping area2 jaksel"
"Pejaten","https://www.google.com/maps/search/?api=1&query=Pejaten&query_place_id=ChIJl61rVT3yaS4Rbs8u05uvovI","3","darul fadli","https://www.google.com/maps/reviews/data=!4m8!14m7!1m6!2m5!1sChZDSUhNMG9nS0VJQ0FnSUNnX1pLb2FnEAE!2m1!1s0x0:0xf2a2af9bd32ecf6e!3m1!1s2@1:CIHM0ogKEICAgICg_ZKoag%7C%7C?hl=id","bersih dan terawat"
"Pejaten","https://www.google.com/maps/search/?api=1&query=Pejaten&query_place_id=ChIJl61rVT3yaS4Rbs8u05uvovI","3","Siti Fathonah Madrasah","https://www.google.com/maps/reviews/data=!4m8!14m7!1m6!2m5!1sChdDSUhNMG9nS0VJQ0FnSURndWZ5MzNRRRAB!2m1!1s0x0:0xf2a2af9bd32ecf6e!3m1!1s2@1:CIHM0ogKEICAgIDgufy33QE%7C%7C?hl=id","Ramah petugasnya"
"Pejaten","https://www.google.com/maps/search/?api=1&query=Pejaten&query_place_id=ChIJl61rVT3yaS4Rbs8u05uvovI","3","Edy Sutarmun","https://www.google.com/maps/reviews/data=!4m8!14m7!1m6!2m5!1sChdDSUhNMG9nS0VJQ0FnSUNncU1DanlRRRAB!2m1!1s0x0:0xf2a2af9bd32ecf6e!3m1!1s2@1:CIHM0ogKEICAgICgqMCjyQE%7C%7C?hl=id","Sesekali melintas saja"
"Pejaten","https://www.google.com/maps/search/?api=1&query=Pejaten&query_place_id=ChIJl61rVT3yaS4Rbs8u05uvovI","3","Caleb Napitupulu","https://www.google.com/maps/reviews/data=!4m8!14m7!1m6!2m5!1sChdDSUhNMG9nS0VJQ0FnSUNBdzdLTTZBRRAB!2m1!1s0x0:0xf2a2af9bd32ecf6e!3m1!1s2@1:CIHM0ogKEICAgICAw7KM6AE%7C%7C?hl=id","Halte busway"
"Pejaten","https://www.google.com/maps/search/?api=1&query=Pejaten&query_place_id=ChIJl61rVT3yaS4Rbs8u05uvovI","3","Angelica Easterlina","https://www.google.com/maps/reviews/data=!4m8!14m7!1m6!2m5!1sChZDSUhNMG9nS0VJQ0FnSUNBdU1xU2VnEAE!2m1!1s0x0:0xf2a2af9bd32ecf6e!3m1!1s2@1:CIHM0ogKEICAgICAuMqSeg%7C%7C?hl=id","Just like any other transjkt shelter. Only this one is close to several shopping stops. Nearby, there is Pejaten Village, ACE Hardware, and Ranch Market."
"Pejaten","https://www.google.com/maps/search/?api=1&query=Pejaten&query_place_id=ChIJl61rVT3yaS4Rbs8u05uvovI","3","rillen poyk","https://www.google.com/maps/reviews/data=!4m8!14m7!1m6!2m5!1sChdDSUhNMG9nS0VJQ0FnSUNRbGE2MnZBRRAB!2m1!1s0x0:0xf2a2af9bd32ecf6e!3m1!1s2@1:CIHM0ogKEICAgICQla62vAE%7C%7C?hl=id","I'm not Okay,You're not Okay,But Its Okay..."
"Pejaten","https://www.google.com/maps/search/?api=1&query=Pejaten&query_place_id=ChIJl61rVT3yaS4Rbs8u05uvovI","3","Bayu Kristiadi","https://www.google.com/maps/reviews/data=!4m8!14m7!1m6!2m5!1sChdDSUhNMG9nS0VJQ0FnSUN3cmVuSHRBRRAB!2m1!1s0x0:0xf2a2af9bd32ecf6e!3m1!1s2@1:CIHM0ogKEICAgICwrenHtAE%7C%7C?hl=id","Just Bus Halte"
"Pejaten","https://www.google.com/maps/search/?api=1&query=Pejaten&query_place_id=ChIJl61rVT3yaS4Rbs8u05uvovI","3","Lulu Fachruri","https://www.google.com/maps/reviews/data=!4m8!14m7!1m6!2m5!1sChdDSUhNMG9nS0VJQ0FnSUQtcnIteWlRRRAB!2m1!1s0x0:0xf2a2af9bd32ecf6e!3m1!1s2@1:CIHM0ogKEICAgID-rr-yiQE%7C%7C?hl=id",
"Pejaten","https://www.google.com/maps/search/?api=1&query=Pejaten&query_place_id=ChIJl61rVT3yaS4Rbs8u05uvovI","3","Tony Marwan","https://www.google.com/maps/reviews/data=!4m8!14m7!1m6!2m5!1sChdDSUhNMG9nS0VJQ0FnSUNnazhtemh3RRAB!2m1!1s0x0:0xf2a2af9bd32ecf6e!3m1!1s2@1:CIHM0ogKEICAgICgk8mzhwE%7C%7C?hl=id",
"Pejaten","https://www.google.com/maps/search/?api=1&query=Pejaten&query_place_id=ChIJl61rVT3yaS4Rbs8u05uvovI","3","Donnell Gioni","https://www.google.com/maps/reviews/data=!4m8!14m7!1m6!2m5!1sChdDSUhNMG9nS0VJQ0FnSUN3c01QeXNRRRAB!2m1!1s0x0:0xf2a2af9bd32ecf6e!3m1!1s2@1:CIHM0ogKEICAgICwsMPysQE%7C%7C?hl=id",
"Pejaten","https://www.google.com/maps/search/?api=1&query=Pejaten&query_place_id=ChIJl61rVT3yaS4Rbs8u05uvovI","3","Tatang Sumantri","https://www.google.com/maps/reviews/data=!4m8!14m7!1m6!2m5!1sChdDSUhNMG9nS0VJQ0FnSUNRX2Q3Y3h3RRAB!2m1!1s0x0:0xf2a2af9bd32ecf6e!3m1!1s2@1:CIHM0ogKEICAgICQ_d7cxwE%7C%7C?hl=id",
"Pejaten","https://www.google.com/maps/search/?api=1&query=Pejaten&query_place_id=ChIJl61rVT3yaS4Rbs8u05uvovI","4","Aldo S","https://www.google.com/maps/reviews/data=!4m8!14m7!1m6!2m5!1sChZDSUhNMG9nS0VJQ0FnSUNDbHV2eFVREAE!2m1!1s0x0:0xf2a2af9bd32ecf6e!3m1!1s2@1:CIHM0ogKEICAgICCluvxUQ%7C%7C?hl=id","Halte ini cukup sempit dan tidak terlalu ramai. Apabila anda mau mengunjungi Pejaten Village, anda bisa turun di halte ini. Lokasinya ada di depan ICC. Melayani rute 6, 6A, dan 6B."
"Pejaten","https://www.google.com/maps/search/?api=1&query=Pejaten&query_place_id=ChIJl61rVT3yaS4Rbs8u05uvovI","4","John The Adventure","https://www.google.com/maps/reviews/data=!4m8!14m7!1m6!2m5!1sChdDSUhNMG9nS0VJQ0FnSURPOHFXcnlBRRAB!2m1!1s0x0:0xf2a2af9bd32ecf6e!3m1!1s2@1:CIHM0ogKEICAgIDO8qWryAE%7C%7C?hl=id","Pelayanannya lumayan bagus akan tetapi pintu otomatis di Halte Pejaten terkadang terbuka sendiri walaupun tidak ada bus yang lewat."
"Pejaten","https://www.google.com/maps/search/?api=1&query=Pejaten&query_place_id=ChIJl61rVT3yaS4Rbs8u05uvovI","4","River Defender","https://www.google.com/maps/reviews/data=!4m8!14m7!1m6!2m5!1sChdDSUhNMG9nS0VJQ0FnSUNJeWR1djdnRRAB!2m1!1s0x0:0xf2a2af9bd32ecf6e!3m1!1s2@1:CIHM0ogKEICAgICIyduv7gE%7C%7C?hl=id","Halte Busway berada di tengah jalan arah Warung Buncit dan Ragunan. Halte terdekat menuju kantor Harian Republika dan daerah sekitarnya."
"Pejaten","https://www.google.com/maps/search/?api=1&query=Pejaten&query_place_id=ChIJl61rVT3yaS4Rbs8u05uvovI","4","Hani Haura","https://www.google.com/maps/reviews/data=!4m8!14m7!1m6!2m5!1sChdDSUhNMG9nS0VJQ0FnSUNEcjd5ZTR3RRAB!2m1!1s0x0:0xf2a2af9bd32ecf6e!3m1!1s2@1:CIHM0ogKEICAgICDr7ye4wE%7C%7C?hl=id","Dekat dengan Pejaten Mall, tinggal jalan kaki"
"Pejaten","https://www.google.com/maps/search/?api=1&query=Pejaten&query_place_id=ChIJl61rVT3yaS4Rbs8u05uvovI","4","Ersanto Wahyuaji","https://www.google.com/maps/reviews/data=!4m8!14m7!1m6!2m5!1sChdDSUhNMG9nS0VJQ0FnSUR5b0k2ai1BRRAB!2m1!1s0x0:0xf2a2af9bd32ecf6e!3m1!1s2@1:CIHM0ogKEICAgIDyoI6j-AE%7C%7C?hl=id","Banjir 50 cm di sekitar halte busway Pejaten Philips"
"Pejaten","https://www.google.com/maps/search/?api=1&query=Pejaten&query_place_id=ChIJl61rVT3yaS4Rbs8u05uvovI","4","Ade Hermawan","https://www.google.com/maps/reviews/data=!4m8!14m7!1m6!2m5!1sChZDSUhNMG9nS0VJQ0FnSUNnaTdLUE93EAE!2m1!1s0x0:0xf2a2af9bd32ecf6e!3m1!1s2@1:CIHM0ogKEICAgICgi7KPOw%7C%7C?hl=id","disini bisa nunggu metromini arah ps minggu dan blok m"
"Pejaten","https://www.google.com/maps/search/?api=1&query=Pejaten&query_place_id=ChIJl61rVT3yaS4Rbs8u05uvovI","4","Try Sutrisno","https://www.google.com/maps/reviews/data=!4m8!14m7!1m6!2m5!1sChdDSUhNMG9nS0VJQ0FnSUNnc0xhYl9nRRAB!2m1!1s0x0:0xf2a2af9bd32ecf6e!3m1!1s2@1:CIHM0ogKEICAgICgsLab_gE%7C%7C?hl=id","Oke"
"Pejaten","https://www.google.com/maps/search/?api=1&query=Pejaten&query_place_id=ChIJl61rVT3yaS4Rbs8u05uvovI","4","Dyah","https://www.google.com/maps/reviews/data=!4m8!14m7!1m6!2m5!1sChdDSUhNMG9nS0VJQ0FnSUNuLTlXdV9nRRAB!2m1!1s0x0:0xf2a2af9bd32ecf6e!3m1!1s2@1:CIHM0ogKEICAgICn-9Wu_gE%7C%7C?hl=id","Very close to Islamic Cultural Center. Many people alight here to continue their journey to Pasar Minggu, Pejaten, or Kemang area. If you want to go to The Park Pejaten mall, you'd stop at this bus shelter, too. The shelter is not big, and in the morning, it can be really crowded."
"Pejaten","https://www.google.com/maps/search/?api=1&query=Pejaten&query_place_id=ChIJl61rVT3yaS4Rbs8u05uvovI","4","Kurnia Arisayuga","https://www.google.com/maps/reviews/data=!4m8!14m7!1m6!2m5!1sChZDSUhNMG9nS0VJQ0FnSUNBa1BYRk53EAE!2m1!1s0x0:0xf2a2af9bd32ecf6e!3m1!1s2@1:CIHM0ogKEICAgICAkPXFNw%7C%7C?hl=id","Average Transjakarta shelter. Would be better if official remove the extra but useless gate. The sooner the better."
"Pejaten","https://www.google.com/maps/search/?api=1&query=Pejaten&query_place_id=ChIJl61rVT3yaS4Rbs8u05uvovI","4","Robby Suryadi","https://www.google.com/maps/reviews/data=!4m8!14m7!1m6!2m5!1sCi9DQUlRQUNvZENodHljRjlvT2tFMlVHNU1PRkU1V1d4WE5tcGhUR3hVV1dKaWVFRRAB!2m1!1s0x0:0xf2a2af9bd32ecf6e!3m1!1s2@1:CAIQACodChtycF9oOkE2UG5MOFE5WWxXNmphTGxUWWJieEE%7C%7C?hl=id",
"Pejaten","https://www.google.com/maps/search/?api=1&query=Pejaten&query_place_id=ChIJl61rVT3yaS4Rbs8u05uvovI","4","dwi_뒤","https://www.google.com/maps/reviews/data=!4m8!14m7!1m6!2m5!1sChdDSUhNMG9nS0VJQ0FnSURPaHNiUTN3RRAB!2m1!1s0x0:0xf2a2af9bd32ecf6e!3m1!1s2@1:CIHM0ogKEICAgIDOhsbQ3wE%7C%7C?hl=id",
"Pejaten","https://www.google.com/maps/search/?api=1&query=Pejaten&query_place_id=ChIJl61rVT3yaS4Rbs8u05uvovI","4","Iis Mail Marzuki Marzuki","https://www.google.com/maps/reviews/data=!4m8!14m7!1m6!2m5!1sChZDSUhNMG9nS0VJQ0FnSUQ4MzRiOEpBEAE!2m1!1s0x0:0xf2a2af9bd32ecf6e!3m1!1s2@1:CIHM0ogKEICAgID834b8JA%7C%7C?hl=id",
"Pejaten","https://www.google.com/maps/search/?api=1&query=Pejaten&query_place_id=ChIJl61rVT3yaS4Rbs8u05uvovI","4","Rosadi Adi","https://www.google.com/maps/reviews/data=!4m8!14m7!1m6!2m5!1sChZDSUhNMG9nS0VJQ0FnSUNzNy1PdkJnEAE!2m1!1s0x0:0xf2a2af9bd32ecf6e!3m1!1s2@1:CIHM0ogKEICAgICs7-OvBg%7C%7C?hl=id",
"Pejaten","https://www.google.com/maps/search/?api=1&query=Pejaten&query_place_id=ChIJl61rVT3yaS4Rbs8u05uvovI","4","Ars Priyotomo","https://www.google.com/maps/reviews/data=!4m8!14m7!1m6!2m5!1sChZDSUhNMG9nS0VJQ0FnSURNajhXaVV3EAE!2m1!1s0x0:0xf2a2af9bd32ecf6e!3m1!1s2@1:CIHM0ogKEICAgIDMj8WiUw%7C%7C?hl=id",
"Pejaten","https://www.google.com/maps/search/?api=1&query=Pejaten&query_place_id=ChIJl61rVT3yaS4Rbs8u05uvovI","4","Fitri Fatimah A","https://www.google.com/maps/reviews/data=!4m8!14m7!1m6!2m5!1sChdDSUhNMG9nS0VJQ0FnSUNNMTREQTdnRRAB!2m1!1s0x0:0xf2a2af9bd32ecf6e!3m1!1s2@1:CIHM0ogKEICAgICM14DA7gE%7C%7C?hl=id",
"Pejaten","https://www.google.com/maps/search/?api=1&query=Pejaten&query_place_id=ChIJl61rVT3yaS4Rbs8u05uvovI","4","Rahmat Bokir","https://www.google.com/maps/reviews/data=!4m8!14m7!1m6!2m5!1sChZDSUhNMG9nS0VJQ0FnSUN3ME9XWFB3EAE!2m1!1s0x0:0xf2a2af9bd32ecf6e!3m1!1s2@1:CIHM0ogKEICAgICw0OWXPw%7C%7C?hl=id",
"Pejaten","https://www.google.com/maps/search/?api=1&query=Pejaten&query_place_id=ChIJl61rVT3yaS4Rbs8u05uvovI","4","Ahmad Fauzan","https://www.google.com/maps/reviews/data=!4m8!14m7!1m6!2m5!1sChdDSUhNMG9nS0VJQ0FnSUNRc2J5MTBBRRAB!2m1!1s0x0:0xf2a2af9bd32ecf6e!3m1!1s2@1:CIHM0ogKEICAgICQsby10AE%7C%7C?hl=id",
"Pejaten","https://www.google.com/maps/search/?api=1&query=Pejaten&query_place_id=ChIJl61rVT3yaS4Rbs8u05uvovI","4","Dani Suwally","https://www.google.com/maps/reviews/data=!4m8!14m7!1m6!2m5!1sChdDSUhNMG9nS0VJQ0FnSUNBdk4zdm9BRRAB!2m1!1s0x0:0xf2a2af9bd32ecf6e!3m1!1s2@1:CIHM0ogKEICAgICAvN3voAE%7C%7C?hl=id",
"Pejaten","https://www.google.com/maps/search/?api=1&query=Pejaten&query_place_id=ChIJl61rVT3yaS4Rbs8u05uvovI","5","Amiy Hamzah","https://www.google.com/maps/reviews/data=!4m8!14m7!1m6!2m5!1sChZDSUhNMG9nS0VJQ0FnSUNObHFxdFd3EAE!2m1!1s0x0:0xf2a2af9bd32ecf6e!3m1!1s2@1:CIHM0ogKEICAgICNlqqtWw%7C%7C?hl=id","Seperti halte pada umumnya
Halte bersih
Ada tempat charge juga"
"Pejaten","https://www.google.com/maps/search/?api=1&query=Pejaten&query_place_id=ChIJl61rVT3yaS4Rbs8u05uvovI","5","Sieg Warfheid","https://www.google.com/maps/reviews/data=!4m8!14m7!1m6!2m5!1sChZDSUhNMG9nS0VJQ0FnSUNWLVpLRUxREAE!2m1!1s0x0:0xf2a2af9bd32ecf6e!3m1!1s2@1:CIHM0ogKEICAgICV-ZKELQ%7C%7C?hl=id","Petugasnya baik, cepat tanggap. Saya ketinggalan payung di dalam busway koridor 6, bilang ke petugas langsung mereka koordinasi untuk mengembalikan payung Saya Dan berhasil. Terima kasih"
"Pejaten","https://www.google.com/maps/search/?api=1&query=Pejaten&query_place_id=ChIJl61rVT3yaS4Rbs8u05uvovI","5","Bandi Subandi","https://www.google.com/maps/reviews/data=!4m8!14m7!1m6!2m5!1sChZDSUhNMG9nS0VJQ0FnSUNvNk9MS2R3EAE!2m1!1s0x0:0xf2a2af9bd32ecf6e!3m1!1s2@1:CIHM0ogKEICAgICo6OLKdw%7C%7C?hl=id","Halte Pejaten..Pas depan Islamic Cultural Center, Dekat dengan Pejaten Village Mall.
Melayani Rute:
Ragunan - Dukuh Atas2
Ragunan - Monas Via Kuningan
Ragunan - Monas Via Semanggi
Ragunan - Stasiun Manggarai
Ragunan - Pulogadung
Ragunan - Ciledug
Lebak Bulus - Senen"
"Pejaten","https://www.google.com/maps/search/?api=1&query=Pejaten&query_place_id=ChIJl61rVT3yaS4Rbs8u05uvovI","5","HADI R.N.","https://www.google.com/maps/reviews/data=!4m8!14m7!1m6!2m5!1sChZDSUhNMG9nS0VJQ0FnSUNZMnRMUVJBEAE!2m1!1s0x0:0xf2a2af9bd32ecf6e!3m1!1s2@1:CIHM0ogKEICAgICY2tLQRA%7C%7C?hl=id","Selalu berhenti di halte ini kalau saya ingin main ke mall Pejaten Village. Lokasi halte ini sangat dekat dengan mallnya, mempermudah akses orang yang ingin berkunjung ke mall Pejaten Village."
"Pejaten","https://www.google.com/maps/search/?api=1&query=Pejaten&query_place_id=ChIJl61rVT3yaS4Rbs8u05uvovI","5","Fitri Putri","https://www.google.com/maps/reviews/data=!4m8!14m7!1m6!2m5!1sChZDSUhNMG9nS0VJQ0FnSUR5NUs2aGZnEAE!2m1!1s0x0:0xf2a2af9bd32ecf6e!3m1!1s2@1:CIHM0ogKEICAgIDy5K6hfg%7C%7C?hl=id","Jalanan didepan pejaten village mall nya sudah cukup tertata, yg kearah kemang sdh cukup lancar krn penyempitan efek pembangunan sdh tidak ada."
"Pejaten","https://www.google.com/maps/search/?api=1&query=Pejaten&query_place_id=ChIJl61rVT3yaS4Rbs8u05uvovI","5","Insan Kamil","https://www.google.com/maps/reviews/data=!4m8!14m7!1m6!2m5!1sChZDSUhNMG9nS0VJQ0FnSUNnbGZLaU53EAE!2m1!1s0x0:0xf2a2af9bd32ecf6e!3m1!1s2@1:CIHM0ogKEICAgICglfKiNw%7C%7C?hl=id","Kalau mau ke pejaten village atau ace hardware bisa turun disini"
"Pejaten","https://www.google.com/maps/search/?api=1&query=Pejaten&query_place_id=ChIJl61rVT3yaS4Rbs8u05uvovI","5","Handoko Handoko","https://www.google.com/maps/reviews/data=!4m8!14m7!1m6!2m5!1sChdDSUhNMG9nS0VJQ0FnSUNLbllTNzR3RRAB!2m1!1s0x0:0xf2a2af9bd32ecf6e!3m1!1s2@1:CIHM0ogKEICAgICKnYS74wE%7C%7C?hl=id","Halte bus Pejaten sangat bersih dan nyaman dan selalu menerapkan protokol kesehatan"
"Pejaten","https://www.google.com/maps/search/?api=1&query=Pejaten&query_place_id=ChIJl61rVT3yaS4Rbs8u05uvovI","5","Reni Oktaviani","https://www.google.com/maps/reviews/data=!4m8!14m7!1m6!2m5!1sChdDSUhNMG9nS0VJQ0FnSUNtOC1henJBRRAB!2m1!1s0x0:0xf2a2af9bd32ecf6e!3m1!1s2@1:CIHM0ogKEICAgICm8-azrAE%7C%7C?hl=id","Selalu terapkan prokes yang ketat supaya terhindar dari Covid."
"Pejaten","https://www.google.com/maps/search/?api=1&query=Pejaten&query_place_id=ChIJl61rVT3yaS4Rbs8u05uvovI","5","Adhe Lhia","https://www.google.com/maps/reviews/data=!4m8!14m7!1m6!2m5!1sChZDSUhNMG9nS0VJQ0FnSURVdnFDS0lnEAE!2m1!1s0x0:0xf2a2af9bd32ecf6e!3m1!1s2@1:CIHM0ogKEICAgIDUvqCKIg%7C%7C?hl=id","Tempat grab cari.order anti tuyul.. Ada tuyul lansung jitak"
"Pejaten","https://www.google.com/maps/search/?api=1&query=Pejaten&query_place_id=ChIJl61rVT3yaS4Rbs8u05uvovI","5","Zerox Codem","https://www.google.com/maps/reviews/data=!4m8!14m7!1m6!2m5!1sChZDSUhNMG9nS0VJQ0FnSUNZeEl1UEhnEAE!2m1!1s0x0:0xf2a2af9bd32ecf6e!3m1!1s2@1:CIHM0ogKEICAgICYxIuPHg%7C%7C?hl=id","Pengalaman pertama kali naik busway disini😁"
"Pejaten","https://www.google.com/maps/search/?api=1&query=Pejaten&query_place_id=ChIJl61rVT3yaS4Rbs8u05uvovI","5","Isthykharah nardi","https://www.google.com/maps/reviews/data=!4m8!14m7!1m6!2m5!1sChZDSUhNMG9nS0VJQ0FnSUN3NV95MVRREAE!2m1!1s0x0:0xf2a2af9bd32ecf6e!3m1!1s2@1:CIHM0ogKEICAgICw5_y1TQ%7C%7C?hl=id","Halte bus way depan gedung tetra pak dan gedung philips"
"Pejaten","https://www.google.com/maps/search/?api=1&query=Pejaten&query_place_id=ChIJl61rVT3yaS4Rbs8u05uvovI","5","Ali Rodiansyah","https://www.google.com/maps/reviews/data=!4m8!14m7!1m6!2m5!1sChdDSUhNMG9nS0VJQ0FnSUNRaWU2S3lRRRAB!2m1!1s0x0:0xf2a2af9bd32ecf6e!3m1!1s2@1:CIHM0ogKEICAgICQie6KyQE%7C%7C?hl=id","Akses mudah menuju Mall Pejaten Village"
"Pejaten","https://www.google.com/maps/search/?api=1&query=Pejaten&query_place_id=ChIJl61rVT3yaS4Rbs8u05uvovI","5","Ali Akbar Said","https://www.google.com/maps/reviews/data=!4m8!14m7!1m6!2m5!1sChdDSUhNMG9nS0VJQ0FnSURaMmNPWXh3RRAB!2m1!1s0x0:0xf2a2af9bd32ecf6e!3m1!1s2@1:CIHM0ogKEICAgIDZ2cOYxwE%7C%7C?hl=id","👍"
"Pejaten","https://www.google.com/maps/search/?api=1&query=Pejaten&query_place_id=ChIJl61rVT3yaS4Rbs8u05uvovI","5","Alif Sy","https://www.google.com/maps/reviews/data=!4m8!14m7!1m6!2m5!1sChZDSUhNMG9nS0VJQ0FnSUNZb0tiaGJBEAE!2m1!1s0x0:0xf2a2af9bd32ecf6e!3m1!1s2@1:CIHM0ogKEICAgICYoKbhbA%7C%7C?hl=id","penjaganya ramah"
"Pejaten","https://www.google.com/maps/search/?api=1&query=Pejaten&query_place_id=ChIJl61rVT3yaS4Rbs8u05uvovI","5","Andre Septian","https://www.google.com/maps/reviews/data=!4m8!14m7!1m6!2m5!1sChZDSUhNMG9nS0VJQ0FnSURoN3FyN2RREAE!2m1!1s0x0:0xf2a2af9bd32ecf6e!3m1!1s2@1:CIHM0ogKEICAgIDh7qr7dQ%7C%7C?hl=id","Pelayanan yang bagus"
"Pejaten","https://www.google.com/maps/search/?api=1&query=Pejaten&query_place_id=ChIJl61rVT3yaS4Rbs8u05uvovI","5","Budi Santoso","https://www.google.com/maps/reviews/data=!4m8!14m7!1m6!2m5!1sChdDSUhNMG9nS0VJQ0FnSUNoX095aXR3RRAB!2m1!1s0x0:0xf2a2af9bd32ecf6e!3m1!1s2@1:CIHM0ogKEICAgICh_OyitwE%7C%7C?hl=id","Mampir"
"Pejaten","https://www.google.com/maps/search/?api=1&query=Pejaten&query_place_id=ChIJl61rVT3yaS4Rbs8u05uvovI","5","RAFIF ARYA","https://www.google.com/maps/reviews/data=!4m8!14m7!1m6!2m5!1sChZDSUhNMG9nS0VJQ0FnSUNBd3RhWkxREAE!2m1!1s0x0:0xf2a2af9bd32ecf6e!3m1!1s2@1:CIHM0ogKEICAgICAwtaZLQ%7C%7C?hl=id","Ini area pasar  minggu ya"
"Pejaten","https://www.google.com/maps/search/?api=1&query=Pejaten&query_place_id=ChIJl61rVT3yaS4Rbs8u05uvovI","5","Nisa Maulia Rahmah","https://www.google.com/maps/reviews/data=!4m8!14m7!1m6!2m5!1sChZDSUhNMG9nS0VJQ0FnSURTOGR5RVdnEAE!2m1!1s0x0:0xf2a2af9bd32ecf6e!3m1!1s2@1:CIHM0ogKEICAgIDS8dyEWg%7C%7C?hl=id","mayan"
"Pejaten","https://www.google.com/maps/search/?api=1&query=Pejaten&query_place_id=ChIJl61rVT3yaS4Rbs8u05uvovI","5","Sofyan Yayan (Qfank)","https://www.google.com/maps/reviews/data=!4m8!14m7!1m6!2m5!1sChZDSUhNMG9nS0VJQ0FnSURJMkplVmFBEAE!2m1!1s0x0:0xf2a2af9bd32ecf6e!3m1!1s2@1:CIHM0ogKEICAgIDI2JeVaA%7C%7C?hl=id","Ramai"
"Pejaten","https://www.google.com/maps/search/?api=1&query=Pejaten&query_place_id=ChIJl61rVT3yaS4Rbs8u05uvovI","5","Suwarto Tato","https://www.google.com/maps/reviews/data=!4m8!14m7!1m6!2m5!1sChdDSUhNMG9nS0VJQ0FnSUNnNlliZ253RRAB!2m1!1s0x0:0xf2a2af9bd32ecf6e!3m1!1s2@1:CIHM0ogKEICAgICg6YbgnwE%7C%7C?hl=id","Busway"
"Pejaten","https://www.google.com/maps/search/?api=1&query=Pejaten&query_place_id=ChIJl61rVT3yaS4Rbs8u05uvovI","5","Fazli Umar Faruq","https://www.google.com/maps/reviews/data=!4m8!14m7!1m6!2m5!1sChdDSUhNMG9nS0VJQ0FnSURRdm9xN3hRRRAB!2m1!1s0x0:0xf2a2af9bd32ecf6e!3m1!1s2@1:CIHM0ogKEICAgIDQvoq7xQE%7C%7C?hl=id","Pejaten interchange"
"Pejaten","https://www.google.com/maps/search/?api=1&query=Pejaten&query_place_id=ChIJl61rVT3yaS4Rbs8u05uvovI","5","Rigrid","https://www.google.com/maps/reviews/data=!4m8!14m7!1m6!2m5!1sChZDSUhNMG9nS0VJQ0FnSURLcU9tVkJnEAE!2m1!1s0x0:0xf2a2af9bd32ecf6e!3m1!1s2@1:CIHM0ogKEICAgIDKqOmVBg%7C%7C?hl=id","Busy transjakarta bus stop, it is usually crowded in the morning, especially at 7.00 AM to 9.00 AM. It is located beside Islamic Cultural Center (or ICC) building. It has bridges to the 2 side of street which enable people to cross the road or entering the bus stop. The vehicles around the bus stop also crowded as well."
"Pejaten","https://www.google.com/maps/search/?api=1&query=Pejaten&query_place_id=ChIJl61rVT3yaS4Rbs8u05uvovI","5","eka p","https://www.google.com/maps/reviews/data=!4m8!14m7!1m6!2m5!1sChZDSUhNMG9nS0VJQ0FnSUN6d19uOENBEAE!2m1!1s0x0:0xf2a2af9bd32ecf6e!3m1!1s2@1:CIHM0ogKEICAgICzw_n8CA%7C%7C?hl=id","👍"
"Pejaten","https://www.google.com/maps/search/?api=1&query=Pejaten&query_place_id=ChIJl61rVT3yaS4Rbs8u05uvovI","5","Emmanuel Ade Crisna Putra","https://www.google.com/maps/reviews/data=!4m8!14m7!1m6!2m5!1sChdDSUhNMG9nS0VJQ0FnSURCLTlMTnlnRRAB!2m1!1s0x0:0xf2a2af9bd32ecf6e!3m1!1s2@1:CIHM0ogKEICAgIDB-9LNygE%7C%7C?hl=id","Oke"
"Pejaten","https://www.google.com/maps/search/?api=1&query=Pejaten&query_place_id=ChIJl61rVT3yaS4Rbs8u05uvovI","5","Karina Apriliani","https://www.google.com/maps/reviews/data=!4m8!14m7!1m6!2m5!1sChZDSUhNMG9nS0VJQ0FnSUNlbC1XbldnEAE!2m1!1s0x0:0xf2a2af9bd32ecf6e!3m1!1s2@1:CIHM0ogKEICAgICel-WnWg%7C%7C?hl=id","Ok"
"Pejaten","https://www.google.com/maps/search/?api=1&query=Pejaten&query_place_id=ChIJl61rVT3yaS4Rbs8u05uvovI","5","٥٧. طالبة","https://www.google.com/maps/reviews/data=!4m8!14m7!1m6!2m5!1sChdDSUhNMG9nS0VJQ0FnSURSeE5MY3dBRRAB!2m1!1s0x0:0xf2a2af9bd32ecf6e!3m1!1s2@1:CIHM0ogKEICAgIDRxNLcwAE%7C%7C?hl=id","Good enough"
"Pejaten","https://www.google.com/maps/search/?api=1&query=Pejaten&query_place_id=ChIJl61rVT3yaS4Rbs8u05uvovI","5","Rahmad Setiadi","https://www.google.com/maps/reviews/data=!4m8!14m7!1m6!2m5!1sChZDSUhNMG9nS0VJQ0FnSUM1enA3amV3EAE!2m1!1s0x0:0xf2a2af9bd32ecf6e!3m1!1s2@1:CIHM0ogKEICAgIC5zp7jew%7C%7C?hl=id","Busy"
"Pejaten","https://www.google.com/maps/search/?api=1&query=Pejaten&query_place_id=ChIJl61rVT3yaS4Rbs8u05uvovI","5","Gb Jkt","https://www.google.com/maps/reviews/data=!4m8!14m7!1m6!2m5!1sChZDSUhNMG9nS0VJQ0FnSUNBM1lYZkxREAE!2m1!1s0x0:0xf2a2af9bd32ecf6e!3m1!1s2@1:CIHM0ogKEICAgICA3YXfLQ%7C%7C?hl=id","No comment!"
"Pejaten","https://www.google.com/maps/search/?api=1&query=Pejaten&query_place_id=ChIJl61rVT3yaS4Rbs8u05uvovI","5","Faisal Rachman","https://www.google.com/maps/reviews/data=!4m8!14m7!1m6!2m5!1sChdDSUhNMG9nS0VPQ2FfdUNDNFlxN3JBRRAB!2m1!1s0x0:0xf2a2af9bd32ecf6e!3m1!1s2@1:CIHM0ogKEOCa_uCC4Yq7rAE%7C%7C?hl=id",
"Pejaten","https://www.google.com/maps/search/?api=1&query=Pejaten&query_place_id=ChIJl61rVT3yaS4Rbs8u05uvovI","5","Iman Suparman","https://www.google.com/maps/reviews/data=!4m8!14m7!1m6!2m5!1sChdDSUhNMG9nS0VJQ0FnSUNWaFozVjhnRRAB!2m1!1s0x0:0xf2a2af9bd32ecf6e!3m1!1s2@1:CIHM0ogKEICAgICVhZ3V8gE%7C%7C?hl=id",
"Pejaten","https://www.google.com/maps/search/?api=1&query=Pejaten&query_place_id=ChIJl61rVT3yaS4Rbs8u05uvovI","5","Wong Jowo","https://www.google.com/maps/reviews/data=!4m8!14m7!1m6!2m5!1sChdDSUhNMG9nS0VJQ0FnSUNaN2RfTnZnRRAB!2m1!1s0x0:0xf2a2af9bd32ecf6e!3m1!1s2@1:CIHM0ogKEICAgICZ7d_NvgE%7C%7C?hl=id",
"Pejaten","https://www.google.com/maps/search/?api=1&query=Pejaten&query_place_id=ChIJl61rVT3yaS4Rbs8u05uvovI","5","Gojek Indonesia","https://www.google.com/maps/reviews/data=!4m8!14m7!1m6!2m5!1sChdDSUhNMG9nS0VJQ0FnSUNwMEplRHp3RRAB!2m1!1s0x0:0xf2a2af9bd32ecf6e!3m1!1s2@1:CIHM0ogKEICAgICp0JeDzwE%7C%7C?hl=id",
"Pejaten","https://www.google.com/maps/search/?api=1&query=Pejaten&query_place_id=ChIJl61rVT3yaS4Rbs8u05uvovI","5","Rangga Aditya Saputra","https://www.google.com/maps/reviews/data=!4m8!14m7!1m6!2m5!1sChdDSUhNMG9nS0VJQ0FnSUN4d1BDZl9RRRAB!2m1!1s0x0:0xf2a2af9bd32ecf6e!3m1!1s2@1:CIHM0ogKEICAgICxwPCf_QE%7C%7C?hl=id",
"Pejaten","https://www.google.com/maps/search/?api=1&query=Pejaten&query_place_id=ChIJl61rVT3yaS4Rbs8u05uvovI","5","deni hermawan","https://www.google.com/maps/reviews/data=!4m8!14m7!1m6!2m5!1sChdDSUhNMG9nS0VJQ0FnSUNCNDRmaDl3RRAB!2m1!1s0x0:0xf2a2af9bd32ecf6e!3m1!1s2@1:CIHM0ogKEICAgICB44fh9wE%7C%7C?hl=id",
"Pejaten","https://www.google.com/maps/search/?api=1&query=Pejaten&query_place_id=ChIJl61rVT3yaS4Rbs8u05uvovI","5","Lixuelis","https://www.google.com/maps/reviews/data=!4m8!14m7!1m6!2m5!1sChZDSUhNMG9nS0VJQ0FnSUNpMFlMNGJ3EAE!2m1!1s0x0:0xf2a2af9bd32ecf6e!3m1!1s2@1:CIHM0ogKEICAgICi0YL4bw%7C%7C?hl=id",
"Pejaten","https://www.google.com/maps/search/?api=1&query=Pejaten&query_place_id=ChIJl61rVT3yaS4Rbs8u05uvovI","5","Rama Mahardhika","https://www.google.com/maps/reviews/data=!4m8!14m7!1m6!2m5!1sChdDSUhNMG9nS0VJQ0FnSURzd1BhMjRnRRAB!2m1!1s0x0:0xf2a2af9bd32ecf6e!3m1!1s2@1:CIHM0ogKEICAgIDswPa24gE%7C%7C?hl=id",
"Pejaten","https://www.google.com/maps/search/?api=1&query=Pejaten&query_place_id=ChIJl61rVT3yaS4Rbs8u05uvovI","5","Ana Maria Mathopani","https://www.google.com/maps/reviews/data=!4m8!14m7!1m6!2m5!1sChdDSUhNMG9nS0VJQ0FnSUMwcXQtcmd3RRAB!2m1!1s0x0:0xf2a2af9bd32ecf6e!3m1!1s2@1:CIHM0ogKEICAgIC0qt-rgwE%7C%7C?hl=id",
"Pejaten","https://www.google.com/maps/search/?api=1&query=Pejaten&query_place_id=ChIJl61rVT3yaS4Rbs8u05uvovI","5","Novi Pratama","https://www.google.com/maps/reviews/data=!4m8!14m7!1m6!2m5!1sChZDSUhNMG9nS0VJQ0FnSUMwc3MzQktREAE!2m1!1s0x0:0xf2a2af9bd32ecf6e!3m1!1s2@1:CIHM0ogKEICAgIC0ss3BKQ%7C%7C?hl=id",
"Pejaten","https://www.google.com/maps/search/?api=1&query=Pejaten&query_place_id=ChIJl61rVT3yaS4Rbs8u05uvovI","5","anisa syp","https://www.google.com/maps/reviews/data=!4m8!14m7!1m6!2m5!1sChdDSUhNMG9nS0VJQ0FnSURrNjlPOXF3RRAB!2m1!1s0x0:0xf2a2af9bd32ecf6e!3m1!1s2@1:CIHM0ogKEICAgIDk69O9qwE%7C%7C?hl=id",
"Rusun Kapuk Muara","https://www.google.com/maps/search/?api=1&query=Rusun%20Kapuk%20Muara&query_place_id=ChIJ2Ulmt30dai4Rt1p-eTqsH-I","1","Official Zero Gaming","https://www.google.com/maps/reviews/data=!4m8!14m7!1m6!2m5!1sChdDSUhNMG9nS0VJQ0FnSURZdnNIc3ZBRRAB!2m1!1s0x0:0xe21fac3a797e5ab7!3m1!1s2@1:CIHM0ogKEICAgIDYvsHsvAE%7C%7C?hl=id",
"Rusun Kapuk Muara","https://www.google.com/maps/search/?api=1&query=Rusun%20Kapuk%20Muara&query_place_id=ChIJ2Ulmt30dai4Rt1p-eTqsH-I","3","Alfiandi","https://www.google.com/maps/reviews/data=!4m8!14m7!1m6!2m5!1sChdDSUhNMG9nS0VJQ0FnSURZcmZycm1RRRAB!2m1!1s0x0:0xe21fac3a797e5ab7!3m1!1s2@1:CIHM0ogKEICAgIDYrfrrmQE%7C%7C?hl=id","rusun kapuk muara penjaringan, lumayan rapih dan bersih parkiran luas aman buat tarok kendaraan"
"Rusun Kapuk Muara","https://www.google.com/maps/search/?api=1&query=Rusun%20Kapuk%20Muara&query_place_id=ChIJ2Ulmt30dai4Rt1p-eTqsH-I","4","Purganz","https://www.google.com/maps/reviews/data=!4m8!14m7!1m6!2m5!1sChZDSUhNMG9nS0VJQ0FnSURVOGRiaGZnEAE!2m1!1s0x0:0xe21fac3a797e5ab7!3m1!1s2@1:CIHM0ogKEICAgIDU8dbhfg%7C%7C?hl=id",
"Rusun Kapuk Muara","https://www.google.com/maps/search/?api=1&query=Rusun%20Kapuk%20Muara&query_place_id=ChIJ2Ulmt30dai4Rt1p-eTqsH-I","5","Alka brudin","https://www.google.com/maps/reviews/data=!4m8!14m7!1m6!2m5!1sChdDSUhNMG9nS0VJQ0FnSUNhN0tENzhRRRAB!2m1!1s0x0:0xe21fac3a797e5ab7!3m1!1s2@1:CIHM0ogKEICAgICa7KD78QE%7C%7C?hl=id","Rusun kapuk muara ada rptra dan mesjidnya."
"Rusun Kapuk Muara","https://www.google.com/maps/search/?api=1&query=Rusun%20Kapuk%20Muara&query_place_id=ChIJ2Ulmt30dai4Rt1p-eTqsH-I","5","AROR SAJA","https://www.google.com/maps/reviews/data=!4m8!14m7!1m6!2m5!1sChdDSUhNMG9nS0VJQ0FnSURZazd5d3hBRRAB!2m1!1s0x0:0xe21fac3a797e5ab7!3m1!1s2@1:CIHM0ogKEICAgIDYk7ywxAE%7C%7C?hl=id","Luar biasa banyak penghuninya....ngirim xpress grab..cipinang mall ke rusun ini..melelahkan"
"Rusun Kapuk Muara","https://www.google.com/maps/search/?api=1&query=Rusun%20Kapuk%20Muara&query_place_id=ChIJ2Ulmt30dai4Rt1p-eTqsH-I","5","Marston Pasaribu","https://www.google.com/maps/reviews/data=!4m8!14m7!1m6!2m5!1sChdDSUhNMG9nS0VJQ0FnSUM0aU1fNjN3RRAB!2m1!1s0x0:0xe21fac3a797e5ab7!3m1!1s2@1:CIHM0ogKEICAgIC4iM_63wE%7C%7C?hl=id","Bisa terjadi au semua rusun"
"Rusun Kapuk Muara","https://www.google.com/maps/search/?api=1&query=Rusun%20Kapuk%20Muara&query_place_id=ChIJ2Ulmt30dai4Rt1p-eTqsH-I","5","Pujianto 703van","https://www.google.com/maps/reviews/data=!4m8!14m7!1m6!2m5!1sChZDSUhNMG9nS0VJQ0FnSUNvc3FyX2V3EAE!2m1!1s0x0:0xe21fac3a797e5ab7!3m1!1s2@1:CIHM0ogKEICAgICosqr_ew%7C%7C?hl=id","Tempat tggl yg nyaman......."
"Rusun Kapuk Muara","https://www.google.com/maps/search/?api=1&query=Rusun%20Kapuk%20Muara&query_place_id=ChIJ2Ulmt30dai4Rt1p-eTqsH-I","5","Mr Hu","https://www.google.com/maps/reviews/data=!4m8!14m7!1m6!2m5!1sChdDSUhNMG9nS0VJQ0FnSUNHMVppRzlBRRAB!2m1!1s0x0:0xe21fac3a797e5ab7!3m1!1s2@1:CIHM0ogKEICAgICG1ZiG9AE%7C%7C?hl=id","Ppp
Pp
Kk

Jnj
Mb
B
V
H
B
B
B
D
F
Afa
Ddd
D
Dddddf"
"Rusun Kapuk Muara","https://www.google.com/maps/search/?api=1&query=Rusun%20Kapuk%20Muara&query_place_id=ChIJ2Ulmt30dai4Rt1p-eTqsH-I","5","Evi Yunita","https://www.google.com/maps/reviews/data=!4m8!14m7!1m6!2m5!1sChdDSUhNMG9nS0VJQ0FnSUNzNDh1azJBRRAB!2m1!1s0x0:0xe21fac3a797e5ab7!3m1!1s2@1:CIHM0ogKEICAgICs48uk2AE%7C%7C?hl=id",
"Rusun Kapuk Muara","https://www.google.com/maps/search/?api=1&query=Rusun%20Kapuk%20Muara&query_place_id=ChIJ2Ulmt30dai4Rt1p-eTqsH-I","5","andi januardi","https://www.google.com/maps/reviews/data=!4m8!14m7!1m6!2m5!1sChdDSUhNMG9nS0VJQ0FnSUNJN3U2aDNBRRAB!2m1!1s0x0:0xe21fac3a797e5ab7!3m1!1s2@1:CIHM0ogKEICAgICI7u6h3AE%7C%7C?hl=id",
"Penggilingan","https://www.google.com/maps/search/?api=1&query=Penggilingan&query_place_id=ChIJe6xlL56MaS4RWy1WiL3QJkA","1","Lia Duanti","https://www.google.com/maps/reviews/data=!4m8!14m7!1m6!2m5!1sChZDSUhNMG9nS0VJQ0FnSUNudE8taEl3EAE!2m1!1s0x0:0x4026d0bd88562d5b!3m1!1s2@1:CIHM0ogKEICAgICntO-hIw%7C%7C?hl=id","KAPOKKK NGISI SALDO FLAZZ DI SINI PKE QRIS! MESINNYA RUSAK, GAK KEBACA TERNYATA KARTUNYA!!!! PDHAL SALDO SDH TERPOTONG, DAN SAYA RUGI KRNA GK BS DIKEMBALIKAN (TANDA TERIMA TLANJUR DIBUANG!!!!)"
"Penggilingan","https://www.google.com/maps/search/?api=1&query=Penggilingan&query_place_id=ChIJe6xlL56MaS4RWy1WiL3QJkA","1","Nurma Sulistyani","https://www.google.com/maps/reviews/data=!4m8!14m7!1m6!2m5!1sChdDSUhNMG9nS0VJQ0FnSUNQOXVUVm1RRRAB!2m1!1s0x0:0x4026d0bd88562d5b!3m1!1s2@1:CIHM0ogKEICAgICP9uTVmQE%7C%7C?hl=id","Tidak ada penjaga haltenya. Jika ada kesulitan bagaimana??"
"Penggilingan","https://www.google.com/maps/search/?api=1&query=Penggilingan&query_place_id=ChIJe6xlL56MaS4RWy1WiL3QJkA","1","Hermanto Driver","https://www.google.com/maps/reviews/data=!4m8!14m7!1m6!2m5!1sChdDSUhNMG9nS0VJQ0FnSURnZ05iVXZnRRAB!2m1!1s0x0:0x4026d0bd88562d5b!3m1!1s2@1:CIHM0ogKEICAgIDggNbUvgE%7C%7C?hl=id",
"Penggilingan","https://www.google.com/maps/search/?api=1&query=Penggilingan&query_place_id=ChIJe6xlL56MaS4RWy1WiL3QJkA","2","gilang sp","https://www.google.com/maps/reviews/data=!4m8!14m7!1m6!2m5!1sChdDSUhNMG9nS0VJQ0FnSURTbXItd3N3RRAB!2m1!1s0x0:0x4026d0bd88562d5b!3m1!1s2@1:CIHM0ogKEICAgIDSmr-wswE%7C%7C?hl=id","Please banget rute 11D disini harus ditambah, terimakasih"
"Penggilingan","https://www.google.com/maps/search/?api=1&query=Penggilingan&query_place_id=ChIJe6xlL56MaS4RWy1WiL3QJkA","3","Arditya Laksono","https://www.google.com/maps/reviews/data=!4m8!14m7!1m6!2m5!1sChZDSUhNMG9nS0VJQ0FnSURqMk43Y0RREAE!2m1!1s0x0:0x4026d0bd88562d5b!3m1!1s2@1:CIHM0ogKEICAgIDj2N7cDQ%7C%7C?hl=id","Haltenya sempit banget, waktu tunggu bus arah Pulo Gebang agak sedikit lama di sini kalau jam 6 pagi"
"Penggilingan","https://www.google.com/maps/search/?api=1&query=Penggilingan&query_place_id=ChIJe6xlL56MaS4RWy1WiL3QJkA","3","Rovina Suni","https://www.google.com/maps/reviews/data=!4m8!14m7!1m6!2m5!1sChZDSUhNMG9nS0VJQ0FnSUN1NGRmWVh3EAE!2m1!1s0x0:0x4026d0bd88562d5b!3m1!1s2@1:CIHM0ogKEICAgICu4dfYXw%7C%7C?hl=id","Buswayx  lama banget yg tujuan ke rusun pinus elok  ditunggu sudah sejam belum datang."
"Penggilingan","https://www.google.com/maps/search/?api=1&query=Penggilingan&query_place_id=ChIJe6xlL56MaS4RWy1WiL3QJkA","3","raden donny","https://www.google.com/maps/reviews/data=!4m8!14m7!1m6!2m5!1sChdDSUhNMG9nS0VJQ0FnSURBbU4yRC13RRAB!2m1!1s0x0:0x4026d0bd88562d5b!3m1!1s2@1:CIHM0ogKEICAgIDAmN2D-wE%7C%7C?hl=id","Lumayan lah..."
"Penggilingan","https://www.google.com/maps/search/?api=1&query=Penggilingan&query_place_id=ChIJe6xlL56MaS4RWy1WiL3QJkA","3","Supriyanto Yanto","https://www.google.com/maps/reviews/data=!4m8!14m7!1m6!2m5!1sChZDSUhNMG9nS0VJQ0FnSUNBdHFIWkdREAE!2m1!1s0x0:0x4026d0bd88562d5b!3m1!1s2@1:CIHM0ogKEICAgICAtqHZGQ%7C%7C?hl=id",
"Penggilingan","https://www.google.com/maps/search/?api=1&query=Penggilingan&query_place_id=ChIJe6xlL56MaS4RWy1WiL3QJkA","4","Muhammad Royyan Rijaya","https://www.google.com/maps/reviews/data=!4m8!14m7!1m6!2m5!1sChdDSUhNMG9nS0VJQ0FnSURyaUw3c3dRRRAB!2m1!1s0x0:0x4026d0bd88562d5b!3m1!1s2@1:CIHM0ogKEICAgIDriL7swQE%7C%7C?hl=id","Halte Penggilingan (13/07/2024), lumayan kecil dan sempit, tetapi tetap nyaman dan membantu untuk mengakses layanan transjakarta, tersedia rute:
1. 11 | Pulogebang - Kampung Melayu
2. 11C | Rusun Pulogebang - Penggilingan
3. 11D | Pulogebang - Pulogadung via PIK
4. 11M | Rusun Rawa Bebek - Bukit Duri
5. 11R | Rusun Cakung KM2 - Penggilingan via Rusun PIK

juga tersedia rute yang melayani di Bus Stop Penggilingan yaitu:
1. 11B | Rusun Rawa Bebek - Penggilingan
2. 11P | Rusun Pondok Kelapa - Walikota Jakarta Timur
3. 11Q | Pulogebang - Kampung Melayu via BKT
4. JAK100 | Terminal Pulogebang - Rusun Pinus Elok"
"Penggilingan","https://www.google.com/maps/search/?api=1&query=Penggilingan&query_place_id=ChIJe6xlL56MaS4RWy1WiL3QJkA","4","Okta Kriyoatmojo","https://www.google.com/maps/reviews/data=!4m8!14m7!1m6!2m5!1sChZDSUhNMG9nS0VJQ0FnSUNnMzd5dkl3EAE!2m1!1s0x0:0x4026d0bd88562d5b!3m1!1s2@1:CIHM0ogKEICAgICg37yvIw%7C%7C?hl=id","Baru pertama kali ternyata pelayanan ramah"
"Penggilingan","https://www.google.com/maps/search/?api=1&query=Penggilingan&query_place_id=ChIJe6xlL56MaS4RWy1WiL3QJkA","4","Ki Kumbang03","https://www.google.com/maps/reviews/data=!4m8!14m7!1m6!2m5!1sChZDSUhNMG9nS0VJQ0FnSUQ3aDhuVWNREAE!2m1!1s0x0:0x4026d0bd88562d5b!3m1!1s2@1:CIHM0ogKEICAgID7h8nUcQ%7C%7C?hl=id","Jurusan tegal Jawa tengah ada ms ???"
"Penggilingan","https://www.google.com/maps/search/?api=1&query=Penggilingan&query_place_id=ChIJe6xlL56MaS4RWy1WiL3QJkA","4","Hotland Harvery","https://www.google.com/maps/reviews/data=!4m8!14m7!1m6!2m5!1sChZDSUhNMG9nS0VJQ0FnSUNxd3ZuU0ZBEAE!2m1!1s0x0:0x4026d0bd88562d5b!3m1!1s2@1:CIHM0ogKEICAgICqwvnSFA%7C%7C?hl=id","Jalan raya penggilingan terlalu sempit,sementara banyak pedagang di pinggir jalan,"
"Penggilingan","https://www.google.com/maps/search/?api=1&query=Penggilingan&query_place_id=ChIJe6xlL56MaS4RWy1WiL3QJkA","4","bang dey","https://www.google.com/maps/reviews/data=!4m8!14m7!1m6!2m5!1sChZDSUhNMG9nS0VJQ0FnSUNnMHU3WkhREAE!2m1!1s0x0:0x4026d0bd88562d5b!3m1!1s2@1:CIHM0ogKEICAgICg0u7ZHQ%7C%7C?hl=id","Sempit sih, cuma lumayan nyaman"
"Penggilingan","https://www.google.com/maps/search/?api=1&query=Penggilingan&query_place_id=ChIJe6xlL56MaS4RWy1WiL3QJkA","4","Bian Putro26","https://www.google.com/maps/reviews/data=!4m8!14m7!1m6!2m5!1sChdDSUhNMG9nS0VJQ0FnSUNpd1Bla29BRRAB!2m1!1s0x0:0x4026d0bd88562d5b!3m1!1s2@1:CIHM0ogKEICAgICiwPekoAE%7C%7C?hl=id","Biasa Aza"
"Penggilingan","https://www.google.com/maps/search/?api=1&query=Penggilingan&query_place_id=ChIJe6xlL56MaS4RWy1WiL3QJkA","4","nur rohman affandi","https://www.google.com/maps/reviews/data=!4m8!14m7!1m6!2m5!1sChdDSUhNMG9nS0VJQ0FnSUNBam83VnVnRRAB!2m1!1s0x0:0x4026d0bd88562d5b!3m1!1s2@1:CIHM0ogKEICAgICAjo7VugE%7C%7C?hl=id","Halte busway Transjakarta sepi"
"Penggilingan","https://www.google.com/maps/search/?api=1&query=Penggilingan&query_place_id=ChIJe6xlL56MaS4RWy1WiL3QJkA","4","SITI ATIKAH","https://www.google.com/maps/reviews/data=!4m8!14m7!1m6!2m5!1sChZDSUhNMG9nS0VJQ0FnSUM5dXF5NVRnEAE!2m1!1s0x0:0x4026d0bd88562d5b!3m1!1s2@1:CIHM0ogKEICAgIC9uqy5Tg%7C%7C?hl=id",
"Penggilingan","https://www.google.com/maps/search/?api=1&query=Penggilingan&query_place_id=ChIJe6xlL56MaS4RWy1WiL3QJkA","4","Ahmad Farhan","https://www.google.com/maps/reviews/data=!4m8!14m7!1m6!2m5!1sChdDSUhNMG9nS0VJQ0FnSUNwd2RxcTBRRRAB!2m1!1s0x0:0x4026d0bd88562d5b!3m1!1s2@1:CIHM0ogKEICAgICpwdqq0QE%7C%7C?hl=id",
"Penggilingan","https://www.google.com/maps/search/?api=1&query=Penggilingan&query_place_id=ChIJe6xlL56MaS4RWy1WiL3QJkA","4","Dui Aryanto","https://www.google.com/maps/reviews/data=!4m8!14m7!1m6!2m5!1sChdDSUhNMG9nS0VJQ0FnSUR5eDRmSjJnRRAB!2m1!1s0x0:0x4026d0bd88562d5b!3m1!1s2@1:CIHM0ogKEICAgIDyx4fJ2gE%7C%7C?hl=id",
"Penggilingan","https://www.google.com/maps/search/?api=1&query=Penggilingan&query_place_id=ChIJe6xlL56MaS4RWy1WiL3QJkA","4","Milla Milla","https://www.google.com/maps/reviews/data=!4m8!14m7!1m6!2m5!1sChdDSUhNMG9nS0VJQ0FnSURNekw3YWp3RRAB!2m1!1s0x0:0x4026d0bd88562d5b!3m1!1s2@1:CIHM0ogKEICAgIDMzL7ajwE%7C%7C?hl=id",
"Penggilingan","https://www.google.com/maps/search/?api=1&query=Penggilingan&query_place_id=ChIJe6xlL56MaS4RWy1WiL3QJkA","4","romi gembong66","https://www.google.com/maps/reviews/data=!4m8!14m7!1m6!2m5!1sChZDSUhNMG9nS0VJQ0FnSUNBb2MzdEl3EAE!2m1!1s0x0:0x4026d0bd88562d5b!3m1!1s2@1:CIHM0ogKEICAgICAoc3tIw%7C%7C?hl=id",
"Penggilingan","https://www.google.com/maps/search/?api=1&query=Penggilingan&query_place_id=ChIJe6xlL56MaS4RWy1WiL3QJkA","4","Riki Saputro","https://www.google.com/maps/reviews/data=!4m8!14m7!1m6!2m5!1sChdDSUhNMG9nS0VJQ0FnSURneEttby1BRRAB!2m1!1s0x0:0x4026d0bd88562d5b!3m1!1s2@1:CIHM0ogKEICAgIDgxKmo-AE%7C%7C?hl=id",
"Penggilingan","https://www.google.com/maps/search/?api=1&query=Penggilingan&query_place_id=ChIJe6xlL56MaS4RWy1WiL3QJkA","4","Chaerul Umam","https://www.google.com/maps/reviews/data=!4m8!14m7!1m6!2m5!1sChZDSUhNMG9nS0VJQ0FnSUNnOWV1RkpREAE!2m1!1s0x0:0x4026d0bd88562d5b!3m1!1s2@1:CIHM0ogKEICAgICg9euFJQ%7C%7C?hl=id",
"Penggilingan","https://www.google.com/maps/search/?api=1&query=Penggilingan&query_place_id=ChIJe6xlL56MaS4RWy1WiL3QJkA","5","ahmad shafari","https://www.google.com/maps/reviews/data=!4m8!14m7!1m6!2m5!1sChdDSUhNMG9nS0VJQ0FnSUMteTVyeWlRRRAB!2m1!1s0x0:0x4026d0bd88562d5b!3m1!1s2@1:CIHM0ogKEICAgIC-y5ryiQE%7C%7C?hl=id","Berikut saya lampirkan kondisi halte busway Penggilingan saat malam hari. Seperti nya layanan transportasi umum Transjakarta ini belum melayani hingga 24 jam.
Namun di jam 10 masih terdapat Transjakarta yang masih beroperasi pada malam hari ini.
Halte busway dilengkapi dengan free WiFi yang dapat diakses oleh siapa saja yang menggunakan smartphone dengan fitur WiFi. Halte ini dilewati oleh Transjakarta koridor 11 Rute terminal Pulogebang - Terminal kampung Melayu. Juga dilewati bus mini trans koridor 11C,11D,11K,dan 11Q.
Terima kasih telah membaca ulasan ini.
Mohon untuk memberi like apabila ulasan ini membantu :) 👍"
"Penggilingan","https://www.google.com/maps/search/?api=1&query=Penggilingan&query_place_id=ChIJe6xlL56MaS4RWy1WiL3QJkA","5","Shanty Kirana","https://www.google.com/maps/reviews/data=!4m8!14m7!1m6!2m5!1sChdDSUhNMG9nS0VJQ0FnSUNPMXBHODFBRRAB!2m1!1s0x0:0x4026d0bd88562d5b!3m1!1s2@1:CIHM0ogKEICAgICO1pG81AE%7C%7C?hl=id","Daerah penggilingan kini sudah ramai, di sepanjang kanan dan kiri jalan terdapat banyak ruko2 tempat jualan makanan, minuman, toko2, bengkel dll"
"Penggilingan","https://www.google.com/maps/search/?api=1&query=Penggilingan&query_place_id=ChIJe6xlL56MaS4RWy1WiL3QJkA","5","hestik idriani","https://www.google.com/maps/reviews/data=!4m8!14m7!1m6!2m5!1sChdDSUhNMG9nS0VJQ0FnSURPc2ZULTVRRRAB!2m1!1s0x0:0x4026d0bd88562d5b!3m1!1s2@1:CIHM0ogKEICAgIDOsfT-5QE%7C%7C?hl=id","Eyalash murah rapih bagus nyaman, sulamnya alisnya jga work bgt bisa request model... Lg promo lagi 😍😍😍"
"Penggilingan","https://www.google.com/maps/search/?api=1&query=Penggilingan&query_place_id=ChIJe6xlL56MaS4RWy1WiL3QJkA","5","Dwi Ardiyanto","https://www.google.com/maps/reviews/data=!4m8!14m7!1m6!2m5!1sChdDSUhNMG9nS0VJQ0FnSURBOGRTYzdnRRAB!2m1!1s0x0:0x4026d0bd88562d5b!3m1!1s2@1:CIHM0ogKEICAgIDA8dSc7gE%7C%7C?hl=id","Selter Penggilingan
Pintu Barat untuk Busway:
11. Pulo Gebang via  Walikota Jakarta Timur, Pulo Gebang.
11C. Rusun Pulo Gebang via Walikota Jakarta Timur, Rusun Pulo Gebang

Pintu Timur untuk Busway:
11. Kampung Melayu via Perumnas Klender, Flyover Raden Inten, Buaran, Kampung Sumur, Flyover Klender, St. Klender, Cipinang, Imigrasi Jakarta Timur, Pasar Enjo, Flyover Jatinegara, St. Jatinegara 2, Jatinegara Rs. Premier, Kampung Melayu
11C. Rusun Pinus Elok"
"Penggilingan","https://www.google.com/maps/search/?api=1&query=Penggilingan&query_place_id=ChIJe6xlL56MaS4RWy1WiL3QJkA","5","Andi Tahir","https://www.google.com/maps/reviews/data=!4m8!14m7!1m6!2m5!1sChdDSUhNMG9nS0VJQ0FnSURlbFlpdXJ3RRAB!2m1!1s0x0:0x4026d0bd88562d5b!3m1!1s2@1:CIHM0ogKEICAgIDelYiurwE%7C%7C?hl=id","Tempat yg sangat padat penduduk dan penuh dengan para pedagang pada sore hari hingga malam hari,,,"
"Penggilingan","https://www.google.com/maps/search/?api=1&query=Penggilingan&query_place_id=ChIJe6xlL56MaS4RWy1WiL3QJkA","5","Onki Putra Ramadhan","https://www.google.com/maps/reviews/data=!4m8!14m7!1m6!2m5!1sChZDSUhNMG9nS0VJQ0FnSUNRMnQ2U0dnEAE!2m1!1s0x0:0x4026d0bd88562d5b!3m1!1s2@1:CIHM0ogKEICAgICQ2t6SGg%7C%7C?hl=id","Melayani Koridor 11 dan Bus kecil"
"Penggilingan","https://www.google.com/maps/search/?api=1&query=Penggilingan&query_place_id=ChIJe6xlL56MaS4RWy1WiL3QJkA","5","nur hotmi","https://www.google.com/maps/reviews/data=!4m8!14m7!1m6!2m5!1sCi9DQUlRQUNvZENodHljRjlvT2t4SGEwVlROVlJ6VkRoU2NVMVBkM2RsV1VWd1dGRRAB!2m1!1s0x0:0x4026d0bd88562d5b!3m1!1s2@1:CAIQACodChtycF9oOkxHa0VTNVRzVDhScU1Pd3dlWUVwWFE%7C%7C?hl=id","Mantap"
"Penggilingan","https://www.google.com/maps/search/?api=1&query=Penggilingan&query_place_id=ChIJe6xlL56MaS4RWy1WiL3QJkA","5","MT “MT”","https://www.google.com/maps/reviews/data=!4m8!14m7!1m6!2m5!1sChZDSUhNMG9nS0VJbTE5WXVVb2VpQmRBEAE!2m1!1s0x0:0x4026d0bd88562d5b!3m1!1s2@1:CIHM0ogKEIm19YuUoeiBdA%7C%7C?hl=id","halte yg kecil tapi vital"
"Penggilingan","https://www.google.com/maps/search/?api=1&query=Penggilingan&query_place_id=ChIJe6xlL56MaS4RWy1WiL3QJkA","5","Ilhammeth Selamat","https://www.google.com/maps/reviews/data=!4m8!14m7!1m6!2m5!1sChZDSUhNMG9nS0VJQ0FnSUN5c3B5VEh3EAE!2m1!1s0x0:0x4026d0bd88562d5b!3m1!1s2@1:CIHM0ogKEICAgICyspyTHw%7C%7C?hl=id","persis di depan Halte Bus Way Penggilingan, Jakarta Timur ada Bengkel Vespa disini."
"Penggilingan","https://www.google.com/maps/search/?api=1&query=Penggilingan&query_place_id=ChIJe6xlL56MaS4RWy1WiL3QJkA","5","Zulkifli Taher","https://www.google.com/maps/reviews/data=!4m8!14m7!1m6!2m5!1sChZDSUhNMG9nS0VJQ0FnSUN3OUl5MWJREAE!2m1!1s0x0:0x4026d0bd88562d5b!3m1!1s2@1:CIHM0ogKEICAgICw9Iy1bQ%7C%7C?hl=id","Lokasinya dekat pemukiman dan sangat membantu. Dekat dengan AlfaMart Dan KitaMart"
"Penggilingan","https://www.google.com/maps/search/?api=1&query=Penggilingan&query_place_id=ChIJe6xlL56MaS4RWy1WiL3QJkA","5","ghio Arie wibowo","https://www.google.com/maps/reviews/data=!4m8!14m7!1m6!2m5!1sChZDSUhNMG9nS0VJQ0FnSUNoMWV1WFd3EAE!2m1!1s0x0:0x4026d0bd88562d5b!3m1!1s2@1:CIHM0ogKEICAgICh1euXWw%7C%7C?hl=id","Good job curug cilember"
"Penggilingan","https://www.google.com/maps/search/?api=1&query=Penggilingan&query_place_id=ChIJe6xlL56MaS4RWy1WiL3QJkA","5","herdi herdi","https://www.google.com/maps/reviews/data=!4m8!14m7!1m6!2m5!1sChZDSUhNMG9nS0VJQ0FnSUNvMEtXaEVBEAE!2m1!1s0x0:0x4026d0bd88562d5b!3m1!1s2@1:CIHM0ogKEICAgICo0KWhEA%7C%7C?hl=id","Tempat yg sangat strategis"
"Penggilingan","https://www.google.com/maps/search/?api=1&query=Penggilingan&query_place_id=ChIJe6xlL56MaS4RWy1WiL3QJkA","5","Kanaya Natrie","https://www.google.com/maps/reviews/data=!4m8!14m7!1m6!2m5!1sChZDSUhNMG9nS0VJQ0FnSUNNOTRDWlB3EAE!2m1!1s0x0:0x4026d0bd88562d5b!3m1!1s2@1:CIHM0ogKEICAgICM94CZPw%7C%7C?hl=id","Suka... ada rasa  nyaman"
"Penggilingan","https://www.google.com/maps/search/?api=1&query=Penggilingan&query_place_id=ChIJe6xlL56MaS4RWy1WiL3QJkA","5","Aldy Chamat","https://www.google.com/maps/reviews/data=!4m8!14m7!1m6!2m5!1sChdDSUhNMG9nS0VJQ0FnSURXNWF5NTBBRRAB!2m1!1s0x0:0x4026d0bd88562d5b!3m1!1s2@1:CIHM0ogKEICAgIDW5ay50AE%7C%7C?hl=id","Tempat tinggal saya"
"Penggilingan","https://www.google.com/maps/search/?api=1&query=Penggilingan&query_place_id=ChIJe6xlL56MaS4RWy1WiL3QJkA","5","Abeng Abang","https://www.google.com/maps/reviews/data=!4m8!14m7!1m6!2m5!1sChZDSUhNMG9nS0VJQ0FnSURhanJxa2J3EAE!2m1!1s0x0:0x4026d0bd88562d5b!3m1!1s2@1:CIHM0ogKEICAgIDajrqkbw%7C%7C?hl=id","Mantap ok ok ok"
"Penggilingan","https://www.google.com/maps/search/?api=1&query=Penggilingan&query_place_id=ChIJe6xlL56MaS4RWy1WiL3QJkA","5","Zainal Abidin Albatawi","https://www.google.com/maps/reviews/data=!4m8!14m7!1m6!2m5!1sChZDSUhNMG9nS0VJQ0FnSUQ4MmFLNkVBEAE!2m1!1s0x0:0x4026d0bd88562d5b!3m1!1s2@1:CIHM0ogKEICAgID82aK6EA%7C%7C?hl=id","Tempat tinggal saya sekarang"
"Penggilingan","https://www.google.com/maps/search/?api=1&query=Penggilingan&query_place_id=ChIJe6xlL56MaS4RWy1WiL3QJkA","5","iranto suntara","https://www.google.com/maps/reviews/data=!4m8!14m7!1m6!2m5!1sChZDSUhNMG9nS0VJQ0FnSUQtLWFmYUxBEAE!2m1!1s0x0:0x4026d0bd88562d5b!3m1!1s2@1:CIHM0ogKEICAgID--afaLA%7C%7C?hl=id","Mantap!!"
"Penggilingan","https://www.google.com/maps/search/?api=1&query=Penggilingan&query_place_id=ChIJe6xlL56MaS4RWy1WiL3QJkA","5","Gb Jkt","https://www.google.com/maps/reviews/data=!4m8!14m7!1m6!2m5!1sChdDSUhNMG9nS0VJQ0FnSUNRdHRIZnR3RRAB!2m1!1s0x0:0x4026d0bd88562d5b!3m1!1s2@1:CIHM0ogKEICAgICQttHftwE%7C%7C?hl=id","Sangat strategis"
"Penggilingan","https://www.google.com/maps/search/?api=1&query=Penggilingan&query_place_id=ChIJe6xlL56MaS4RWy1WiL3QJkA","5","Shu Endro","https://www.google.com/maps/reviews/data=!4m8!14m7!1m6!2m5!1sChdDSUhNMG9nS0VJQ0FnSUMwOXRiODRBRRAB!2m1!1s0x0:0x4026d0bd88562d5b!3m1!1s2@1:CIHM0ogKEICAgIC09tb84AE%7C%7C?hl=id","tmpat strategis"
"Penggilingan","https://www.google.com/maps/search/?api=1&query=Penggilingan&query_place_id=ChIJe6xlL56MaS4RWy1WiL3QJkA","5","Dian Atmaja","https://www.google.com/maps/reviews/data=!4m8!14m7!1m6!2m5!1sChZDSUhNMG9nS0VJQ0FnSUNSX1lyOUJBEAE!2m1!1s0x0:0x4026d0bd88562d5b!3m1!1s2@1:CIHM0ogKEICAgICR_Yr9BA%7C%7C?hl=id","suka"
"Penggilingan","https://www.google.com/maps/search/?api=1&query=Penggilingan&query_place_id=ChIJe6xlL56MaS4RWy1WiL3QJkA","5","Alif Sy","https://www.google.com/maps/reviews/data=!4m8!14m7!1m6!2m5!1sChZDSUhNMG9nS0VJQ0FnSURvNTc3WlN3EAE!2m1!1s0x0:0x4026d0bd88562d5b!3m1!1s2@1:CIHM0ogKEICAgIDo577ZSw%7C%7C?hl=id","dekat dengan pemukiman"
"Penggilingan","https://www.google.com/maps/search/?api=1&query=Penggilingan&query_place_id=ChIJe6xlL56MaS4RWy1WiL3QJkA","5","Mochamad Ariz Hakim","https://www.google.com/maps/reviews/data=!4m8!14m7!1m6!2m5!1sChdDSUhNMG9nS0VJQ0FnSUNBbTdXY3lnRRAB!2m1!1s0x0:0x4026d0bd88562d5b!3m1!1s2@1:CIHM0ogKEICAgICAm7WcygE%7C%7C?hl=id","Naik busway hemat"
"Penggilingan","https://www.google.com/maps/search/?api=1&query=Penggilingan&query_place_id=ChIJe6xlL56MaS4RWy1WiL3QJkA","5","PAINO Putra wonosobo","https://www.google.com/maps/reviews/data=!4m8!14m7!1m6!2m5!1sChZDSUhNMG9nS0VJQ0FnSUNRMUp5cEV3EAE!2m1!1s0x0:0x4026d0bd88562d5b!3m1!1s2@1:CIHM0ogKEICAgICQ1JypEw%7C%7C?hl=id","Senang"
"Penggilingan","https://www.google.com/maps/search/?api=1&query=Penggilingan&query_place_id=ChIJe6xlL56MaS4RWy1WiL3QJkA","5","Muhammad Najmi","https://www.google.com/maps/reviews/data=!4m8!14m7!1m6!2m5!1sChZDSUhNMG9nS0VJQ0FnSUN3LTU3MExnEAE!2m1!1s0x0:0x4026d0bd88562d5b!3m1!1s2@1:CIHM0ogKEICAgICw-570Lg%7C%7C?hl=id","Naik grab sampe congor pintu"
"Penggilingan","https://www.google.com/maps/search/?api=1&query=Penggilingan&query_place_id=ChIJe6xlL56MaS4RWy1WiL3QJkA","5","SULTAN KAYU (PALET EXSPOR)","https://www.google.com/maps/reviews/data=!4m8!14m7!1m6!2m5!1sChdDSUhNMG9nS0VJQ0FnSURoZ3RLQ2hnRRAB!2m1!1s0x0:0x4026d0bd88562d5b!3m1!1s2@1:CIHM0ogKEICAgIDhgtKChgE%7C%7C?hl=id","Good jobz"
"Penggilingan","https://www.google.com/maps/search/?api=1&query=Penggilingan&query_place_id=ChIJe6xlL56MaS4RWy1WiL3QJkA","5","Esha Agung","https://www.google.com/maps/reviews/data=!4m8!14m7!1m6!2m5!1sChdDSUhNMG9nS0VJQ0FnSUR4XzViUzJ3RRAB!2m1!1s0x0:0x4026d0bd88562d5b!3m1!1s2@1:CIHM0ogKEICAgIDx_5bS2wE%7C%7C?hl=id",
"Penggilingan","https://www.google.com/maps/search/?api=1&query=Penggilingan&query_place_id=ChIJe6xlL56MaS4RWy1WiL3QJkA","5","Andriono Se","https://www.google.com/maps/reviews/data=!4m8!14m7!1m6!2m5!1sChdDSUhNMG9nS0VJQ0FnSURoeF9tQmdnRRAB!2m1!1s0x0:0x4026d0bd88562d5b!3m1!1s2@1:CIHM0ogKEICAgIDhx_mBggE%7C%7C?hl=id","Great bro"
"Penggilingan","https://www.google.com/maps/search/?api=1&query=Penggilingan&query_place_id=ChIJe6xlL56MaS4RWy1WiL3QJkA","5","Hari Guna","https://www.google.com/maps/reviews/data=!4m8!14m7!1m6!2m5!1sChZDSUhNMG9nS0VJQ0FnSURRb3JQRmV3EAE!2m1!1s0x0:0x4026d0bd88562d5b!3m1!1s2@1:CIHM0ogKEICAgIDQorPFew%7C%7C?hl=id","Top..."
"Penggilingan","https://www.google.com/maps/search/?api=1&query=Penggilingan&query_place_id=ChIJe6xlL56MaS4RWy1WiL3QJkA","5","M. Abdurachman","https://www.google.com/maps/reviews/data=!4m8!14m7!1m6!2m5!1sChdDSUhNMG9nS0VJQ0FnSUN3NnZERm93RRAB!2m1!1s0x0:0x4026d0bd88562d5b!3m1!1s2@1:CIHM0ogKEICAgICw6vDFowE%7C%7C?hl=id","Prakris ekonomis"
"Penggilingan","https://www.google.com/maps/search/?api=1&query=Penggilingan&query_place_id=ChIJe6xlL56MaS4RWy1WiL3QJkA","5","Aa fatur","https://www.google.com/maps/reviews/data=!4m8!14m7!1m6!2m5!1sChRDSUhNMG9nS0VJQ0FnSUNjd1lzSxAB!2m1!1s0x0:0x4026d0bd88562d5b!3m1!1s2@1:CIHM0ogKEICAgICcwYsK%7C%7C?hl=id","Ok"
"Penggilingan","https://www.google.com/maps/search/?api=1&query=Penggilingan&query_place_id=ChIJe6xlL56MaS4RWy1WiL3QJkA","5","suhar tomo","https://www.google.com/maps/reviews/data=!4m8!14m7!1m6!2m5!1sChdDSUhNMG9nS0VJQ0FnSUN3N2JiSTVRRRAB!2m1!1s0x0:0x4026d0bd88562d5b!3m1!1s2@1:CIHM0ogKEICAgICw7bbI5QE%7C%7C?hl=id","Wokay"
"Penggilingan","https://www.google.com/maps/search/?api=1&query=Penggilingan&query_place_id=ChIJe6xlL56MaS4RWy1WiL3QJkA","5","Fazli Umar Faruq","https://www.google.com/maps/reviews/data=!4m8!14m7!1m6!2m5!1sChdDSUhNMG9nS0VJQ0FnSURRdnZhWjdBRRAB!2m1!1s0x0:0x4026d0bd88562d5b!3m1!1s2@1:CIHM0ogKEICAgIDQvvaZ7AE%7C%7C?hl=id","Good location"
"Penggilingan","https://www.google.com/maps/search/?api=1&query=Penggilingan&query_place_id=ChIJe6xlL56MaS4RWy1WiL3QJkA","5","Abdul Rohim","https://www.google.com/maps/reviews/data=!4m8!14m7!1m6!2m5!1sChRDSUhNMG9nS0VJQ0FnSUNwdEpGdhAB!2m1!1s0x0:0x4026d0bd88562d5b!3m1!1s2@1:CIHM0ogKEICAgICptJFv%7C%7C?hl=id",
"Penggilingan","https://www.google.com/maps/search/?api=1&query=Penggilingan&query_place_id=ChIJe6xlL56MaS4RWy1WiL3QJkA","5","Alexander Enud","https://www.google.com/maps/reviews/data=!4m8!14m7!1m6!2m5!1sChZDSUhNMG9nS0VJQ0FnSURodDUtUVd3EAE!2m1!1s0x0:0x4026d0bd88562d5b!3m1!1s2@1:CIHM0ogKEICAgIDht5-QWw%7C%7C?hl=id",
"Penggilingan","https://www.google.com/maps/search/?api=1&query=Penggilingan&query_place_id=ChIJe6xlL56MaS4RWy1WiL3QJkA","5","Jona Iskandar","https://www.google.com/maps/reviews/data=!4m8!14m7!1m6!2m5!1sChdDSUhNMG9nS0VJQ0FnSURCa3RIbXV3RRAB!2m1!1s0x0:0x4026d0bd88562d5b!3m1!1s2@1:CIHM0ogKEICAgIDBktHmuwE%7C%7C?hl=id",
"Penggilingan","https://www.google.com/maps/search/?api=1&query=Penggilingan&query_place_id=ChIJe6xlL56MaS4RWy1WiL3QJkA","5","sopyan pian","https://www.google.com/maps/reviews/data=!4m8!14m7!1m6!2m5!1sChRDSUhNMG9nS0VJQ0FnSURPX001QhAB!2m1!1s0x0:0x4026d0bd88562d5b!3m1!1s2@1:CIHM0ogKEICAgIDO_M5B%7C%7C?hl=id",
"Penggilingan","https://www.google.com/maps/search/?api=1&query=Penggilingan&query_place_id=ChIJe6xlL56MaS4RWy1WiL3QJkA","5","Ags Shoes","https://www.google.com/maps/reviews/data=!4m8!14m7!1m6!2m5!1sChdDSUhNMG9nS0VJQ0FnSUNPaVpuYV9BRRAB!2m1!1s0x0:0x4026d0bd88562d5b!3m1!1s2@1:CIHM0ogKEICAgICOiZna_AE%7C%7C?hl=id",
"Penggilingan","https://www.google.com/maps/search/?api=1&query=Penggilingan&query_place_id=ChIJe6xlL56MaS4RWy1WiL3QJkA","5","Lyan Gallagher","https://www.google.com/maps/reviews/data=!4m8!14m7!1m6!2m5!1sChdDSUhNMG9nS0VJQ0FnSUNhOXRpWTd3RRAB!2m1!1s0x0:0x4026d0bd88562d5b!3m1!1s2@1:CIHM0ogKEICAgICa9tiY7wE%7C%7C?hl=id",
"Penggilingan","https://www.google.com/maps/search/?api=1&query=Penggilingan&query_place_id=ChIJe6xlL56MaS4RWy1WiL3QJkA","5","alfin toban","https://www.google.com/maps/reviews/data=!4m8!14m7!1m6!2m5!1sChZDSUhNMG9nS0VJQ0FnSURTaS0yaEJnEAE!2m1!1s0x0:0x4026d0bd88562d5b!3m1!1s2@1:CIHM0ogKEICAgIDSi-2hBg%7C%7C?hl=id",
"Penggilingan","https://www.google.com/maps/search/?api=1&query=Penggilingan&query_place_id=ChIJe6xlL56MaS4RWy1WiL3QJkA","5","Asrori Ilham","https://www.google.com/maps/reviews/data=!4m8!14m7!1m6!2m5!1sChdDSUhNMG9nS0VJQ0FnSUNVOEx5VXNnRRAB!2m1!1s0x0:0x4026d0bd88562d5b!3m1!1s2@1:CIHM0ogKEICAgICU8LyUsgE%7C%7C?hl=id",
"Penggilingan","https://www.google.com/maps/search/?api=1&query=Penggilingan&query_place_id=ChIJe6xlL56MaS4RWy1WiL3QJkA","5","Mochamad Abdurachman","https://www.google.com/maps/reviews/data=!4m8!14m7!1m6!2m5!1sChZDSUhNMG9nS0VJQ0FnSUNZNnVhTGZREAE!2m1!1s0x0:0x4026d0bd88562d5b!3m1!1s2@1:CIHM0ogKEICAgICY6uaLfQ%7C%7C?hl=id",
"Penggilingan","https://www.google.com/maps/search/?api=1&query=Penggilingan&query_place_id=ChIJe6xlL56MaS4RWy1WiL3QJkA","5","muhammad yasin","https://www.google.com/maps/reviews/data=!4m8!14m7!1m6!2m5!1sChdDSUhNMG9nS0VJQ0FnSURJNHZTaGpRRRAB!2m1!1s0x0:0x4026d0bd88562d5b!3m1!1s2@1:CIHM0ogKEICAgIDI4vShjQE%7C%7C?hl=id",
"Penggilingan","https://www.google.com/maps/search/?api=1&query=Penggilingan&query_place_id=ChIJe6xlL56MaS4RWy1WiL3QJkA","5","Kholil Adam","https://www.google.com/maps/reviews/data=!4m8!14m7!1m6!2m5!1sChZDSUhNMG9nS0VJQ0FnSURRdGN1N1p3EAE!2m1!1s0x0:0x4026d0bd88562d5b!3m1!1s2@1:CIHM0ogKEICAgIDQtcu7Zw%7C%7C?hl=id",
"Penggilingan","https://www.google.com/maps/search/?api=1&query=Penggilingan&query_place_id=ChIJe6xlL56MaS4RWy1WiL3QJkA","5","Margi Jaya","https://www.google.com/maps/reviews/data=!4m8!14m7!1m6!2m5!1sChdDSUhNMG9nS0VJQ0FnSUNBeHBDWmdRRRAB!2m1!1s0x0:0x4026d0bd88562d5b!3m1!1s2@1:CIHM0ogKEICAgICAxpCZgQE%7C%7C?hl=id",
"Penggilingan","https://www.google.com/maps/search/?api=1&query=Penggilingan&query_place_id=ChIJe6xlL56MaS4RWy1WiL3QJkA","5","fahmi haerul","https://www.google.com/maps/reviews/data=!4m8!14m7!1m6!2m5!1sChdDSUhNMG9nS0VJQ0FnSURRNEl6el9BRRAB!2m1!1s0x0:0x4026d0bd88562d5b!3m1!1s2@1:CIHM0ogKEICAgIDQ4Izz_AE%7C%7C?hl=id",
"Penggilingan","https://www.google.com/maps/search/?api=1&query=Penggilingan&query_place_id=ChIJe6xlL56MaS4RWy1WiL3QJkA","5","Aldo Mateus","https://www.google.com/maps/reviews/data=!4m8!14m7!1m6!2m5!1sChZDSUhNMG9nS0VJQ0FnSURBX3Fid1NBEAE!2m1!1s0x0:0x4026d0bd88562d5b!3m1!1s2@1:CIHM0ogKEICAgIDA_qbwSA%7C%7C?hl=id",
"Penggilingan","https://www.google.com/maps/search/?api=1&query=Penggilingan&query_place_id=ChIJe6xlL56MaS4RWy1WiL3QJkA","5","syarif hidayat","https://www.google.com/maps/reviews/data=!4m8!14m7!1m6!2m5!1sChZDSUhNMG9nS0VJQ0FnSUNRM3JDYVdBEAE!2m1!1s0x0:0x4026d0bd88562d5b!3m1!1s2@1:CIHM0ogKEICAgICQ3rCaWA%7C%7C?hl=id",
"Penggilingan","https://www.google.com/maps/search/?api=1&query=Penggilingan&query_place_id=ChIJe6xlL56MaS4RWy1WiL3QJkA","5","adhe pratikno","https://www.google.com/maps/reviews/data=!4m8!14m7!1m6!2m5!1sChdDSUhNMG9nS0VJQ0FnSUNnajdhLTlnRRAB!2m1!1s0x0:0x4026d0bd88562d5b!3m1!1s2@1:CIHM0ogKEICAgICgj7a-9gE%7C%7C?hl=id",
"Penggilingan","https://www.google.com/maps/search/?api=1&query=Penggilingan&query_place_id=ChIJe6xlL56MaS4RWy1WiL3QJkA","5","Wahyu Firmansyah","https://www.google.com/maps/reviews/data=!4m8!14m7!1m6!2m5!1sChdDSUhNMG9nS0VJQ0FnSUNnMEt6ZjhRRRAB!2m1!1s0x0:0x4026d0bd88562d5b!3m1!1s2@1:CIHM0ogKEICAgICg0Kzf8QE%7C%7C?hl=id",
"Penggilingan","https://www.google.com/maps/search/?api=1&query=Penggilingan&query_place_id=ChIJe6xlL56MaS4RWy1WiL3QJkA","5","Gb Jkt","https://www.google.com/maps/reviews/data=!4m8!14m7!1m6!2m5!1sChZDSUhNMG9nS0VJQ0FnSURnazZTbVhBEAE!2m1!1s0x0:0x4026d0bd88562d5b!3m1!1s2@1:CIHM0ogKEICAgIDgk6SmXA%7C%7C?hl=id",
"Penggilingan","https://www.google.com/maps/search/?api=1&query=Penggilingan&query_place_id=ChIJe6xlL56MaS4RWy1WiL3QJkA","5","Fahad Salman","https://www.google.com/maps/reviews/data=!4m8!14m7!1m6!2m5!1sChdDSUhNMG9nS0VJQ0FnSUNBMG82TDdRRRAB!2m1!1s0x0:0x4026d0bd88562d5b!3m1!1s2@1:CIHM0ogKEICAgICA0o6L7QE%7C%7C?hl=id",
"Halte Tendean","https://www.google.com/maps/search/?api=1&query=Halte%20Tendean&query_place_id=ChIJzxQ_IcPzaS4RV7uQkEkcGsY","1","Fajar Nur","https://www.google.com/maps/reviews/data=!4m8!14m7!1m6!2m5!1sCi9DQUlRQUNvZENodHljRjlvT25nd1IxaDNaR0l3ZW1ad1ptRTJObTlzTnpGWloxRRAB!2m1!1s0x0:0xc61a1c499090bb57!3m1!1s2@1:CAIQACodChtycF9oOngwR1h3ZGIwemZwZmE2Nm9sNzFZZ1E%7C%7C?hl=id","Antrian bus terlalu panjang. Menghalangi pengguna jalan lain yang akan putar balik  & ke gatsu"
"Halte Tendean","https://www.google.com/maps/search/?api=1&query=Halte%20Tendean&query_place_id=ChIJzxQ_IcPzaS4RV7uQkEkcGsY","1","cicila 12","https://www.google.com/maps/reviews/data=!4m8!14m7!1m6!2m5!1sChZDSUhNMG9nS0VJQ0FnSUQtdVpXRkJnEAE!2m1!1s0x0:0xc61a1c499090bb57!3m1!1s2@1:CIHM0ogKEICAgID-uZWFBg%7C%7C?hl=id","Gajelas ini rute 7B ada 3 tujuan dan kebanyakan Blok M, susah banget yang ke Kp rambutan. Nunggu sampe Berjam-jam yang muncul BLOK M terus, padahal di apk 7B itu ke arah Kp. Rambutan. Hadehh"
"Halte Tendean","https://www.google.com/maps/search/?api=1&query=Halte%20Tendean&query_place_id=ChIJzxQ_IcPzaS4RV7uQkEkcGsY","1","VavaNivi","https://www.google.com/maps/reviews/data=!4m8!14m7!1m6!2m5!1sChdDSUhNMG9nS0VJQ0FnSURNazU2VjlRRRAB!2m1!1s0x0:0xc61a1c499090bb57!3m1!1s2@1:CIHM0ogKEICAgIDMk56V9QE%7C%7C?hl=id","Petugas tidak aware. Masa iya dekat tempat Sholat mereka setel musik sekencang²nya padahal udah tau dan lihat ada 5 orang yang mau sholat. Kalaupun mereka NON ISLAM WAJIB TOLERANSI."
"Halte Tendean","https://www.google.com/maps/search/?api=1&query=Halte%20Tendean&query_place_id=ChIJzxQ_IcPzaS4RV7uQkEkcGsY","1","Wahyo Prasetyo","https://www.google.com/maps/reviews/data=!4m8!14m7!1m6!2m5!1sChZDSUhNMG9nS0VJQ0FnSUQ2NFp6dkRBEAE!2m1!1s0x0:0xc61a1c499090bb57!3m1!1s2@1:CIHM0ogKEICAgID64ZzvDA%7C%7C?hl=id","Saya merasa sedih ketika sesama manusia hanya memikirkan ego masing masing untuk kepentingan pribadinya. Dan yang lebih parahnya, mereka melakukan kesalahan tetapi menutupi kesalahanya sendiri dengan topeng wajahnya dengan memberi senyuman palsu agar tidak ketahuan"
"Halte Tendean","https://www.google.com/maps/search/?api=1&query=Halte%20Tendean&query_place_id=ChIJzxQ_IcPzaS4RV7uQkEkcGsY","1","Gilang Ramadhan","https://www.google.com/maps/reviews/data=!4m8!14m7!1m6!2m5!1sChdDSUhNMG9nS0VJQ0FnSUN3cGQ2RjFBRRAB!2m1!1s0x0:0xc61a1c499090bb57!3m1!1s2@1:CIHM0ogKEICAgICwpd6F1AE%7C%7C?hl=id","Tidak ada waktu estimasi kedatangan bis. Dan yg mengecewakan, koridor 13 hanya beroperasi sampe jam 19.00."
"Halte Tendean","https://www.google.com/maps/search/?api=1&query=Halte%20Tendean&query_place_id=ChIJzxQ_IcPzaS4RV7uQkEkcGsY","1","Benazhar","https://www.google.com/maps/reviews/data=!4m8!14m7!1m6!2m5!1sChZDSUhNMG9nS0VJQ0FnSURxOGFlZ1lBEAE!2m1!1s0x0:0xc61a1c499090bb57!3m1!1s2@1:CIHM0ogKEICAgIDq8aegYA%7C%7C?hl=id","Masa pandemi makin parah, penumpang dibiarin penuh dan empet2an"
"Halte Tendean","https://www.google.com/maps/search/?api=1&query=Halte%20Tendean&query_place_id=ChIJzxQ_IcPzaS4RV7uQkEkcGsY","1","Adrea Retha Z","https://www.google.com/maps/reviews/data=!4m8!14m7!1m6!2m5!1sChdDSUhNMG9nS0VJQ0FnSUNVM3A3SXFRRRAB!2m1!1s0x0:0xc61a1c499090bb57!3m1!1s2@1:CIHM0ogKEICAgICU3p7IqQE%7C%7C?hl=id","Utk ukuran stasiun transit, Kurang Luas"
"Halte Tendean","https://www.google.com/maps/search/?api=1&query=Halte%20Tendean&query_place_id=ChIJzxQ_IcPzaS4RV7uQkEkcGsY","1","Kokom Uni","https://www.google.com/maps/reviews/data=!4m8!14m7!1m6!2m5!1sChdDSUhNMG9nS0VJQ0FnSURxMUxHd25RRRAB!2m1!1s0x0:0xc61a1c499090bb57!3m1!1s2@1:CIHM0ogKEICAgIDq1LGwnQE%7C%7C?hl=id","Bagus pelayanannya"
"Halte Tendean","https://www.google.com/maps/search/?api=1&query=Halte%20Tendean&query_place_id=ChIJzxQ_IcPzaS4RV7uQkEkcGsY","1","Tomi Senen","https://www.google.com/maps/reviews/data=!4m8!14m7!1m6!2m5!1sChZDSUhNMG9nS0VJQ0FnSUQyM0tDWFBBEAE!2m1!1s0x0:0xc61a1c499090bb57!3m1!1s2@1:CIHM0ogKEICAgID23KCXPA%7C%7C?hl=id","Bagus, rapi & bersih"
"Halte Tendean","https://www.google.com/maps/search/?api=1&query=Halte%20Tendean&query_place_id=ChIJzxQ_IcPzaS4RV7uQkEkcGsY","1","Gojek Jakarta Driver","https://www.google.com/maps/reviews/data=!4m8!14m7!1m6!2m5!1sChZDSUhNMG9nS0VJQ0FnSURFOFlyaElREAE!2m1!1s0x0:0xc61a1c499090bb57!3m1!1s2@1:CIHM0ogKEICAgIDE8YrhIQ%7C%7C?hl=id","Lokasi ambil orderan sempit"
"Halte Tendean","https://www.google.com/maps/search/?api=1&query=Halte%20Tendean&query_place_id=ChIJzxQ_IcPzaS4RV7uQkEkcGsY","1","Salsa Bila","https://www.google.com/maps/reviews/data=!4m8!14m7!1m6!2m5!1sChZDSUhNMG9nS0VJQ0FnSUN5czdleVVnEAE!2m1!1s0x0:0xc61a1c499090bb57!3m1!1s2@1:CIHM0ogKEICAgICys7eyUg%7C%7C?hl=id","supaya lebih mudah di telusuri"
"Halte Tendean","https://www.google.com/maps/search/?api=1&query=Halte%20Tendean&query_place_id=ChIJzxQ_IcPzaS4RV7uQkEkcGsY","1","Dedi Putra","https://www.google.com/maps/reviews/data=!4m8!14m7!1m6!2m5!1sChZDSUhNMG9nS0VJQ0FnSUQ2NnFpdVJ3EAE!2m1!1s0x0:0xc61a1c499090bb57!3m1!1s2@1:CIHM0ogKEICAgID66qiuRw%7C%7C?hl=id","Baguss"
"Halte Tendean","https://www.google.com/maps/search/?api=1&query=Halte%20Tendean&query_place_id=ChIJzxQ_IcPzaS4RV7uQkEkcGsY","1","Djapri Rohjali","https://www.google.com/maps/reviews/data=!4m8!14m7!1m6!2m5!1sChdDSUhNMG9nS0VJQ0FnSUNDNzRHSXBnRRAB!2m1!1s0x0:0xc61a1c499090bb57!3m1!1s2@1:CIHM0ogKEICAgICC74GIpgE%7C%7C?hl=id","orderan sangat susah"
"Halte Tendean","https://www.google.com/maps/search/?api=1&query=Halte%20Tendean&query_place_id=ChIJzxQ_IcPzaS4RV7uQkEkcGsY","1","Munthe iqlima","https://www.google.com/maps/reviews/data=!4m8!14m7!1m6!2m5!1sChdDSUhNMG9nS0VJQ0FnSUNxemRPQXlRRRAB!2m1!1s0x0:0xc61a1c499090bb57!3m1!1s2@1:CIHM0ogKEICAgICqzdOAyQE%7C%7C?hl=id","Padat sekali setiap pulang kerja"
"Halte Tendean","https://www.google.com/maps/search/?api=1&query=Halte%20Tendean&query_place_id=ChIJzxQ_IcPzaS4RV7uQkEkcGsY","1","toro taufik","https://www.google.com/maps/reviews/data=!4m8!14m7!1m6!2m5!1sChdDSUhNMG9nS0VJQ0FnSUNKZ2FMb3BBRRAB!2m1!1s0x0:0xc61a1c499090bb57!3m1!1s2@1:CIHM0ogKEICAgICJgaLopAE%7C%7C?hl=id",
"Halte Tendean","https://www.google.com/maps/search/?api=1&query=Halte%20Tendean&query_place_id=ChIJzxQ_IcPzaS4RV7uQkEkcGsY","1","Amir Khan","https://www.google.com/maps/reviews/data=!4m8!14m7!1m6!2m5!1sChdDSUhNMG9nS0VJQ0FnSUMyeWRETmlnRRAB!2m1!1s0x0:0xc61a1c499090bb57!3m1!1s2@1:CIHM0ogKEICAgIC2ydDNigE%7C%7C?hl=id",
"Halte Tendean","https://www.google.com/maps/search/?api=1&query=Halte%20Tendean&query_place_id=ChIJzxQ_IcPzaS4RV7uQkEkcGsY","1","Vian","https://www.google.com/maps/reviews/data=!4m8!14m7!1m6!2m5!1sChZDSUhNMG9nS0VJQ0FnSUNpaXFtS1VnEAE!2m1!1s0x0:0xc61a1c499090bb57!3m1!1s2@1:CIHM0ogKEICAgICiiqmKUg%7C%7C?hl=id",
"Halte Tendean","https://www.google.com/maps/search/?api=1&query=Halte%20Tendean&query_place_id=ChIJzxQ_IcPzaS4RV7uQkEkcGsY","1","Hendry cornelis Manoppo","https://www.google.com/maps/reviews/data=!4m8!14m7!1m6!2m5!1sChZDSUhNMG9nS0VJQ0FnSUMwdXBhWkt3EAE!2m1!1s0x0:0xc61a1c499090bb57!3m1!1s2@1:CIHM0ogKEICAgIC0upaZKw%7C%7C?hl=id",
"Halte Tendean","https://www.google.com/maps/search/?api=1&query=Halte%20Tendean&query_place_id=ChIJzxQ_IcPzaS4RV7uQkEkcGsY","1","Ravael Simanjuntak","https://www.google.com/maps/reviews/data=!4m8!14m7!1m6!2m5!1sChdDSUhNMG9nS0VJQ0FnSURRemRMN21nRRAB!2m1!1s0x0:0xc61a1c499090bb57!3m1!1s2@1:CIHM0ogKEICAgIDQzdL7mgE%7C%7C?hl=id",
"Halte Tendean","https://www.google.com/maps/search/?api=1&query=Halte%20Tendean&query_place_id=ChIJzxQ_IcPzaS4RV7uQkEkcGsY","1","Cimaco Fish Farm","https://www.google.com/maps/reviews/data=!4m8!14m7!1m6!2m5!1sChZDSUhNMG9nS0VJQ0FnSURRNXZQWEtnEAE!2m1!1s0x0:0xc61a1c499090bb57!3m1!1s2@1:CIHM0ogKEICAgIDQ5vPXKg%7C%7C?hl=id",
"Halte Tendean","https://www.google.com/maps/search/?api=1&query=Halte%20Tendean&query_place_id=ChIJzxQ_IcPzaS4RV7uQkEkcGsY","1","Bukit Harahap","https://www.google.com/maps/reviews/data=!4m8!14m7!1m6!2m5!1sChZDSUhNMG9nS0VJQ0FnSUNBbTczc2F3EAE!2m1!1s0x0:0xc61a1c499090bb57!3m1!1s2@1:CIHM0ogKEICAgICAm73saw%7C%7C?hl=id",
"Halte Tendean","https://www.google.com/maps/search/?api=1&query=Halte%20Tendean&query_place_id=ChIJzxQ_IcPzaS4RV7uQkEkcGsY","1","Heru Rukhiyat","https://www.google.com/maps/reviews/data=!4m8!14m7!1m6!2m5!1sChdDSUhNMG9nS0VJQ0FnSUNRcEl5OTVBRRAB!2m1!1s0x0:0xc61a1c499090bb57!3m1!1s2@1:CIHM0ogKEICAgICQpIy95AE%7C%7C?hl=id",
"Halte Tendean","https://www.google.com/maps/search/?api=1&query=Halte%20Tendean&query_place_id=ChIJzxQ_IcPzaS4RV7uQkEkcGsY","1","Edy Supriyanto","https://www.google.com/maps/reviews/data=!4m8!14m7!1m6!2m5!1sChZDSUhNMG9nS0VJQ0FnSUN3bS1fV0pREAE!2m1!1s0x0:0xc61a1c499090bb57!3m1!1s2@1:CIHM0ogKEICAgICwm-_WJQ%7C%7C?hl=id",
"Halte Tendean","https://www.google.com/maps/search/?api=1&query=Halte%20Tendean&query_place_id=ChIJzxQ_IcPzaS4RV7uQkEkcGsY","2","Poce Aloy","https://www.google.com/maps/reviews/data=!4m8!14m7!1m6!2m5!1sChZDSUhNMG9nS0VJQ0FnSUNlaElMR0dnEAE!2m1!1s0x0:0xc61a1c499090bb57!3m1!1s2@1:CIHM0ogKEICAgICehILGGg%7C%7C?hl=id","Halte terakhir dari rute Puri Beta-Tendean....
Haltenya  Sempit.... Mudah mudahan nantinya  terintegrasi dengan  LRT yang diseberang Halte dan  yang  belum juga beroperasi.... Semoga...

Pesan  Teman. :
Nyok ayo  kite arak ondel  Ondel
Nyok kite naek Trans Jakarte
Mudah mudahan  LRT cepat disetel
Supaye Mobil Motor diparkir aje..."
"Halte Tendean","https://www.google.com/maps/search/?api=1&query=Halte%20Tendean&query_place_id=ChIJzxQ_IcPzaS4RV7uQkEkcGsY","2","Akhtar Prasetyo","https://www.google.com/maps/reviews/data=!4m8!14m7!1m6!2m5!1sChdDSUhNMG9nS0VJQ0FnSURSanZQSnh3RRAB!2m1!1s0x0:0xc61a1c499090bb57!3m1!1s2@1:CIHM0ogKEICAgIDRjvPJxwE%7C%7C?hl=id","halte sempit,kursi harusnya di sediakan lebih banyak karna volume penumpang yang semakin naik"
"Halte Tendean","https://www.google.com/maps/search/?api=1&query=Halte%20Tendean&query_place_id=ChIJzxQ_IcPzaS4RV7uQkEkcGsY","2","Rizal","https://www.google.com/maps/reviews/data=!4m8!14m7!1m6!2m5!1sChdDSUhNMG9nS0VJQ0FnSUNzbWZhaW1nRRAB!2m1!1s0x0:0xc61a1c499090bb57!3m1!1s2@1:CIHM0ogKEICAgICsmfaimgE%7C%7C?hl=id","Posisi Halte kurang bagus menurut saya, nyempil dan kurang aman jika pejalan kaki hendak masuk ke dalam halte."
"Halte Tendean","https://www.google.com/maps/search/?api=1&query=Halte%20Tendean&query_place_id=ChIJzxQ_IcPzaS4RV7uQkEkcGsY","2","Arief Riansyah Bulwafa","https://www.google.com/maps/reviews/data=!4m8!14m7!1m6!2m5!1sChZDSUhNMG9nS0VJQ0FnSURKOElQYVhBEAE!2m1!1s0x0:0xc61a1c499090bb57!3m1!1s2@1:CIHM0ogKEICAgIDJ8IPaXA%7C%7C?hl=id","Gk asik,tidak didesain untuk menunggu (duduk)dengan nyaman"
"Halte Tendean","https://www.google.com/maps/search/?api=1&query=Halte%20Tendean&query_place_id=ChIJzxQ_IcPzaS4RV7uQkEkcGsY","2","bambang Her","https://www.google.com/maps/reviews/data=!4m8!14m7!1m6!2m5!1sChZDSUhNMG9nS0VJQ0FnSUQtbGRQUUtnEAE!2m1!1s0x0:0xc61a1c499090bb57!3m1!1s2@1:CIHM0ogKEICAgID-ldPQKg%7C%7C?hl=id","WC nya jorok, mungkin krn airnya limit kali ya"
"Halte Tendean","https://www.google.com/maps/search/?api=1&query=Halte%20Tendean&query_place_id=ChIJzxQ_IcPzaS4RV7uQkEkcGsY","2","ka kenny","https://www.google.com/maps/reviews/data=!4m8!14m7!1m6!2m5!1sChdDSUhNMG9nS0VJQ0FnSUMwekw2QzJnRRAB!2m1!1s0x0:0xc61a1c499090bb57!3m1!1s2@1:CIHM0ogKEICAgIC0zL6C2gE%7C%7C?hl=id","Please kamar mandi nya ! Itu gimana cara pipisnya ;("
"Halte Tendean","https://www.google.com/maps/search/?api=1&query=Halte%20Tendean&query_place_id=ChIJzxQ_IcPzaS4RV7uQkEkcGsY","2","Arya Yudhistira","https://www.google.com/maps/reviews/data=!4m8!14m7!1m6!2m5!1sChdDSUhNMG9nS0VJQ0FnSURzNHVyMTVnRRAB!2m1!1s0x0:0xc61a1c499090bb57!3m1!1s2@1:CIHM0ogKEICAgIDs4ur15gE%7C%7C?hl=id","Terlalu sempit ruangan halte n jalannya"
"Halte Tendean","https://www.google.com/maps/search/?api=1&query=Halte%20Tendean&query_place_id=ChIJzxQ_IcPzaS4RV7uQkEkcGsY","2","Alvin Ariesta","https://www.google.com/maps/reviews/data=!4m8!14m7!1m6!2m5!1sChdDSUhNMG9nS0VJQ0FnSUNCck11TWpBRRAB!2m1!1s0x0:0xc61a1c499090bb57!3m1!1s2@1:CIHM0ogKEICAgICBrMuMjAE%7C%7C?hl=id","Jalan turun ke koridor 13 rusak belum diperbaiki"
"Halte Tendean","https://www.google.com/maps/search/?api=1&query=Halte%20Tendean&query_place_id=ChIJzxQ_IcPzaS4RV7uQkEkcGsY","2","jer Setiawan","https://www.google.com/maps/reviews/data=!4m8!14m7!1m6!2m5!1sChdDSUhNMG9nS0VJQ0FnSUNFaExfeThnRRAB!2m1!1s0x0:0xc61a1c499090bb57!3m1!1s2@1:CIHM0ogKEICAgICEhL_y8gE%7C%7C?hl=id","kurang luas, tidak sesuai okupansi yg ada"
"Halte Tendean","https://www.google.com/maps/search/?api=1&query=Halte%20Tendean&query_place_id=ChIJzxQ_IcPzaS4RV7uQkEkcGsY","2","Eko Priyanto","https://www.google.com/maps/reviews/data=!4m8!14m7!1m6!2m5!1sChZDSUhNMG9nS0VJQ0FnSUNNazgtc0Z3EAE!2m1!1s0x0:0xc61a1c499090bb57!3m1!1s2@1:CIHM0ogKEICAgICMk8-sFw%7C%7C?hl=id","Halte ini cukuplah Dan lumayan rame"
"Halte Tendean","https://www.google.com/maps/search/?api=1&query=Halte%20Tendean&query_place_id=ChIJzxQ_IcPzaS4RV7uQkEkcGsY","2","jazeela mousthofa","https://www.google.com/maps/reviews/data=!4m8!14m7!1m6!2m5!1sChdDSUhNMG9nS0VJQ0FnSUMwbTRqcXh3RRAB!2m1!1s0x0:0xc61a1c499090bb57!3m1!1s2@1:CIHM0ogKEICAgIC0m4jqxwE%7C%7C?hl=id","Kesel aja kalo ke sini lama nunggu tj nya"
"Halte Tendean","https://www.google.com/maps/search/?api=1&query=Halte%20Tendean&query_place_id=ChIJzxQ_IcPzaS4RV7uQkEkcGsY","2","Achmad Tujianto","https://www.google.com/maps/reviews/data=!4m8!14m7!1m6!2m5!1sChZDSUhNMG9nS0VJQ0FnSUN4b1lHUkVnEAE!2m1!1s0x0:0xc61a1c499090bb57!3m1!1s2@1:CIHM0ogKEICAgICxoYGREg%7C%7C?hl=id","Macet"
"Halte Tendean","https://www.google.com/maps/search/?api=1&query=Halte%20Tendean&query_place_id=ChIJzxQ_IcPzaS4RV7uQkEkcGsY","2","Egan Gudnirwan","https://www.google.com/maps/reviews/data=!4m8!14m7!1m6!2m5!1sChZDSUhNMG9nS0VJQ0FnSURDMU5TN2RREAE!2m1!1s0x0:0xc61a1c499090bb57!3m1!1s2@1:CIHM0ogKEICAgIDC1NS7dQ%7C%7C?hl=id","Terlalu sempit"
"Halte Tendean","https://www.google.com/maps/search/?api=1&query=Halte%20Tendean&query_place_id=ChIJzxQ_IcPzaS4RV7uQkEkcGsY","2","Agus Ariffianto","https://www.google.com/maps/reviews/data=!4m8!14m7!1m6!2m5!1sChZDSUhNMG9nS0VJQ0FnSURXaTVpQ1R3EAE!2m1!1s0x0:0xc61a1c499090bb57!3m1!1s2@1:CIHM0ogKEICAgIDWi5iCTw%7C%7C?hl=id","Toilet is not available"
"Halte Tendean","https://www.google.com/maps/search/?api=1&query=Halte%20Tendean&query_place_id=ChIJzxQ_IcPzaS4RV7uQkEkcGsY","2","Tasyanoviantri Siam","https://www.google.com/maps/reviews/data=!4m8!14m7!1m6!2m5!1sChdDSUhNMG9nS0VJQ0FnSURYMGVQOV9BRRAB!2m1!1s0x0:0xc61a1c499090bb57!3m1!1s2@1:CIHM0ogKEICAgIDX0eP9_AE%7C%7C?hl=id",
"Halte Tendean","https://www.google.com/maps/search/?api=1&query=Halte%20Tendean&query_place_id=ChIJzxQ_IcPzaS4RV7uQkEkcGsY","2","M","https://www.google.com/maps/reviews/data=!4m8!14m7!1m6!2m5!1sChZDSUhNMG9nS0VJQ0FnSURSNTdxaEt3EAE!2m1!1s0x0:0xc61a1c499090bb57!3m1!1s2@1:CIHM0ogKEICAgIDR57qhKw%7C%7C?hl=id",
"Halte Tendean","https://www.google.com/maps/search/?api=1&query=Halte%20Tendean&query_place_id=ChIJzxQ_IcPzaS4RV7uQkEkcGsY","2","Yayan Darmawan","https://www.google.com/maps/reviews/data=!4m8!14m7!1m6!2m5!1sChdDSUhNMG9nS0VJQ0FnSUNlbHZXMnlRRRAB!2m1!1s0x0:0xc61a1c499090bb57!3m1!1s2@1:CIHM0ogKEICAgICelvW2yQE%7C%7C?hl=id",
"Halte Tendean","https://www.google.com/maps/search/?api=1&query=Halte%20Tendean&query_place_id=ChIJzxQ_IcPzaS4RV7uQkEkcGsY","2","Anna Martin","https://www.google.com/maps/reviews/data=!4m8!14m7!1m6!2m5!1sChdDSUhNMG9nS0VJQ0FnSUQyd1B5TnVRRRAB!2m1!1s0x0:0xc61a1c499090bb57!3m1!1s2@1:CIHM0ogKEICAgID2wPyNuQE%7C%7C?hl=id",
"Halte Tendean","https://www.google.com/maps/search/?api=1&query=Halte%20Tendean&query_place_id=ChIJzxQ_IcPzaS4RV7uQkEkcGsY","2","Fauzan Zuhri","https://www.google.com/maps/reviews/data=!4m8!14m7!1m6!2m5!1sChZDSUhNMG9nS0VJQ0FnSUQ2ZzlEbVZBEAE!2m1!1s0x0:0xc61a1c499090bb57!3m1!1s2@1:CIHM0ogKEICAgID6g9DmVA%7C%7C?hl=id",
"Halte Tendean","https://www.google.com/maps/search/?api=1&query=Halte%20Tendean&query_place_id=ChIJzxQ_IcPzaS4RV7uQkEkcGsY","2","Dawian 14","https://www.google.com/maps/reviews/data=!4m8!14m7!1m6!2m5!1sChdDSUhNMG9nS0VJQ0FnSUM2aXVmNHFRRRAB!2m1!1s0x0:0xc61a1c499090bb57!3m1!1s2@1:CIHM0ogKEICAgIC6iuf4qQE%7C%7C?hl=id",
"Halte Tendean","https://www.google.com/maps/search/?api=1&query=Halte%20Tendean&query_place_id=ChIJzxQ_IcPzaS4RV7uQkEkcGsY","2","Herwanci Fajriyah","https://www.google.com/maps/reviews/data=!4m8!14m7!1m6!2m5!1sChZDSUhNMG9nS0VJQ0FnSURzOG91cU9nEAE!2m1!1s0x0:0xc61a1c499090bb57!3m1!1s2@1:CIHM0ogKEICAgIDs8ouqOg%7C%7C?hl=id",
"Halte Tendean","https://www.google.com/maps/search/?api=1&query=Halte%20Tendean&query_place_id=ChIJzxQ_IcPzaS4RV7uQkEkcGsY","2","Sudiyanto 02","https://www.google.com/maps/reviews/data=!4m8!14m7!1m6!2m5!1sChdDSUhNMG9nS0VJQ0FnSURzeU5mNy13RRAB!2m1!1s0x0:0xc61a1c499090bb57!3m1!1s2@1:CIHM0ogKEICAgIDsyNf7-wE%7C%7C?hl=id",
"Halte Tendean","https://www.google.com/maps/search/?api=1&query=Halte%20Tendean&query_place_id=ChIJzxQ_IcPzaS4RV7uQkEkcGsY","2","Erna Triutami","https://www.google.com/maps/reviews/data=!4m8!14m7!1m6!2m5!1sChdDSUhNMG9nS0VJQ0FnSURNazRmX19nRRAB!2m1!1s0x0:0xc61a1c499090bb57!3m1!1s2@1:CIHM0ogKEICAgIDMk4f__gE%7C%7C?hl=id",
"Halte Tendean","https://www.google.com/maps/search/?api=1&query=Halte%20Tendean&query_place_id=ChIJzxQ_IcPzaS4RV7uQkEkcGsY","2","Riko","https://www.google.com/maps/reviews/data=!4m8!14m7!1m6!2m5!1sChZDSUhNMG9nS0VJQ0FnSURVMnZfOVRnEAE!2m1!1s0x0:0xc61a1c499090bb57!3m1!1s2@1:CIHM0ogKEICAgIDU2v_9Tg%7C%7C?hl=id",
"Halte Tendean","https://www.google.com/maps/search/?api=1&query=Halte%20Tendean&query_place_id=ChIJzxQ_IcPzaS4RV7uQkEkcGsY","2","Mario Wirya","https://www.google.com/maps/reviews/data=!4m8!14m7!1m6!2m5!1sChZDSUhNMG9nS0VJQ0FnSURVNUpYQUtREAE!2m1!1s0x0:0xc61a1c499090bb57!3m1!1s2@1:CIHM0ogKEICAgIDU5JXAKQ%7C%7C?hl=id",
"Halte Tendean","https://www.google.com/maps/search/?api=1&query=Halte%20Tendean&query_place_id=ChIJzxQ_IcPzaS4RV7uQkEkcGsY","2","Eddy","https://www.google.com/maps/reviews/data=!4m8!14m7!1m6!2m5!1sChZDSUhNMG9nS0VJQ0FnSUQ0enVUbk5BEAE!2m1!1s0x0:0xc61a1c499090bb57!3m1!1s2@1:CIHM0ogKEICAgID4zuTnNA%7C%7C?hl=id",
"Halte Tendean","https://www.google.com/maps/search/?api=1&query=Halte%20Tendean&query_place_id=ChIJzxQ_IcPzaS4RV7uQkEkcGsY","2","Moh ropii Ropii","https://www.google.com/maps/reviews/data=!4m8!14m7!1m6!2m5!1sChZDSUhNMG9nS0VJQ0FnSUNZdk55blVBEAE!2m1!1s0x0:0xc61a1c499090bb57!3m1!1s2@1:CIHM0ogKEICAgICYvNynUA%7C%7C?hl=id",
"Halte Tendean","https://www.google.com/maps/search/?api=1&query=Halte%20Tendean&query_place_id=ChIJzxQ_IcPzaS4RV7uQkEkcGsY","2","Ari Andriyanto","https://www.google.com/maps/reviews/data=!4m8!14m7!1m6!2m5!1sChZDSUhNMG9nS0VJQ0FnSUNvOHFYcVhBEAE!2m1!1s0x0:0xc61a1c499090bb57!3m1!1s2@1:CIHM0ogKEICAgICo8qXqXA%7C%7C?hl=id",
"Halte Tendean","https://www.google.com/maps/search/?api=1&query=Halte%20Tendean&query_place_id=ChIJzxQ_IcPzaS4RV7uQkEkcGsY","2","Trusty Man","https://www.google.com/maps/reviews/data=!4m8!14m7!1m6!2m5!1sChZDSUhNMG9nS0VJQ0FnSURJcDctNkxBEAE!2m1!1s0x0:0xc61a1c499090bb57!3m1!1s2@1:CIHM0ogKEICAgIDIp7-6LA%7C%7C?hl=id",
"Halte Tendean","https://www.google.com/maps/search/?api=1&query=Halte%20Tendean&query_place_id=ChIJzxQ_IcPzaS4RV7uQkEkcGsY","2","Ika ernawati","https://www.google.com/maps/reviews/data=!4m8!14m7!1m6!2m5!1sChZDSUhNMG9nS0VJQ0FnSURJcnZyNmNnEAE!2m1!1s0x0:0xc61a1c499090bb57!3m1!1s2@1:CIHM0ogKEICAgIDIrvr6cg%7C%7C?hl=id",
"Halte Tendean","https://www.google.com/maps/search/?api=1&query=Halte%20Tendean&query_place_id=ChIJzxQ_IcPzaS4RV7uQkEkcGsY","2","Agus Suganda","https://www.google.com/maps/reviews/data=!4m8!14m7!1m6!2m5!1sChdDSUhNMG9nS0VJQ0FnSURRbnNLZ2lBRRAB!2m1!1s0x0:0xc61a1c499090bb57!3m1!1s2@1:CIHM0ogKEICAgIDQnsKgiAE%7C%7C?hl=id",
"Halte Tendean","https://www.google.com/maps/search/?api=1&query=Halte%20Tendean&query_place_id=ChIJzxQ_IcPzaS4RV7uQkEkcGsY","2","YOU TUBER PaPan_TRIPEX","https://www.google.com/maps/reviews/data=!4m8!14m7!1m6!2m5!1sChdDSUhNMG9nS0VJQ0FnSUN3bDVYOTVRRRAB!2m1!1s0x0:0xc61a1c499090bb57!3m1!1s2@1:CIHM0ogKEICAgICwl5X95QE%7C%7C?hl=id",
"Halte Tendean","https://www.google.com/maps/search/?api=1&query=Halte%20Tendean&query_place_id=ChIJzxQ_IcPzaS4RV7uQkEkcGsY","3","lakilaki gaul88","https://www.google.com/maps/reviews/data=!4m8!14m7!1m6!2m5!1sChdDSUhNMG9nS0VOSEkyS0tueTZfamxRRRAB!2m1!1s0x0:0xc61a1c499090bb57!3m1!1s2@1:CIHM0ogKENHI2KKny6_jlQE%7C%7C?hl=id","Ini halte meski sempit dan route yang terbanyak adalah ke Puri Beta namun ada berbagai tujuan yang cukup menarik seperti pasar minggu, ragunan baik depan maupun belakang via Marinir dan Kampung Rambutan"
"Halte Tendean","https://www.google.com/maps/search/?api=1&query=Halte%20Tendean&query_place_id=ChIJzxQ_IcPzaS4RV7uQkEkcGsY","3","Devi dwi kurniawati","https://www.google.com/maps/reviews/data=!4m8!14m7!1m6!2m5!1sChZDSUhNMG9nS0VJQ0FnSUN3NXFIcUF3EAE!2m1!1s0x0:0xc61a1c499090bb57!3m1!1s2@1:CIHM0ogKEICAgICw5qHqAw%7C%7C?hl=id","Suka sama layanan halte ini. Sayangnya cuma sampai jam 7 malam beroperasi. Aku suka sama pemandangannya. Apalagi kalau malam, bagus banget. Cepat dan nyaman. Karena kalau naik blok M sepi, jadi dapat tempat duduk. Kalau naik arah Ciledug rame banget. Bersyukur kosanku dekat Blok M"
"Halte Tendean","https://www.google.com/maps/search/?api=1&query=Halte%20Tendean&query_place_id=ChIJzxQ_IcPzaS4RV7uQkEkcGsY","3","Riki Andi Saputro","https://www.google.com/maps/reviews/data=!4m8!14m7!1m6!2m5!1sChdDSUhNMG9nS0VJQ0FnSURCM3BtYi13RRAB!2m1!1s0x0:0xc61a1c499090bb57!3m1!1s2@1:CIHM0ogKEICAgIDB3pmb-wE%7C%7C?hl=id","Kurang informatif. Tidak ada papan informasi rute di masing-masing pintu halte sehingga membingungkan penumpang yang hendak menunggu bus. Tidak efisien jika harus bertanya ke petugas apalagi jika kondisi ramai. Video di layar di setiap pintu malah kebanyakan berisi program-program transjakarta."
"Halte Tendean","https://www.google.com/maps/search/?api=1&query=Halte%20Tendean&query_place_id=ChIJzxQ_IcPzaS4RV7uQkEkcGsY","3","Kalula Permana","https://www.google.com/maps/reviews/data=!4m8!14m7!1m6!2m5!1sChZDSUhNMG9nS0VJQ0FnSUR0NEpUMld3EAE!2m1!1s0x0:0xc61a1c499090bb57!3m1!1s2@1:CIHM0ogKEICAgIDt4JT2Ww%7C%7C?hl=id","Terlalu kecil dan tidak teratur dengan kipas angin yg minimum walaupun halte semi outdoor tapi tetep terasa sesak kalau terlalu penuh. Di tambah bau menyengat dari toilet yang tidak terawat padahal dekat dengan tempat sholat."
"Halte Tendean","https://www.google.com/maps/search/?api=1&query=Halte%20Tendean&query_place_id=ChIJzxQ_IcPzaS4RV7uQkEkcGsY","3","Disant Pradana","https://www.google.com/maps/reviews/data=!4m8!14m7!1m6!2m5!1sChZDSUhNMG9nS0VJQ0FnSUNha3VMYmV3EAE!2m1!1s0x0:0xc61a1c499090bb57!3m1!1s2@1:CIHM0ogKEICAgICakuLbew%7C%7C?hl=id","Halte Tendean Koridor 13 adalah halte satu arah anda bisa naik bis transjakarta dari halte Tendean dengan Jurusan Blok M,CBD Ciledug,PuriBeta Ciledug,Kp Rambutan dan bisa Transit ke Halte Mampang Koridor 6"
"Halte Tendean","https://www.google.com/maps/search/?api=1&query=Halte%20Tendean&query_place_id=ChIJzxQ_IcPzaS4RV7uQkEkcGsY","3","Nina Muhlisari","https://www.google.com/maps/reviews/data=!4m8!14m7!1m6!2m5!1sChZDSUhNMG9nS0VJQ0FnSUNiNXJqc2R3EAE!2m1!1s0x0:0xc61a1c499090bb57!3m1!1s2@1:CIHM0ogKEICAgICb5rjsdw%7C%7C?hl=id","halte bersih tapi toilet jorok air sangat kecil flush closet tidak berfungsi dan sedikit mampet.mohon di perhatikan"
"Halte Tendean","https://www.google.com/maps/search/?api=1&query=Halte%20Tendean&query_place_id=ChIJzxQ_IcPzaS4RV7uQkEkcGsY","3","dini krisnawati","https://www.google.com/maps/reviews/data=!4m8!14m7!1m6!2m5!1sChZDSUhNMG9nS0VJQ0FnSURwLUpLb1NBEAE!2m1!1s0x0:0xc61a1c499090bb57!3m1!1s2@1:CIHM0ogKEICAgIDp-JKoSA%7C%7C?hl=id","Tempatnya memang sempit selalu terjadi penumpukan penumpang di jam2 pulang kantor sehingga tidak nyaman dan panas karena berdesakan dan berebut naik dikarenakan armada yg lama datangnya"
"Halte Tendean","https://www.google.com/maps/search/?api=1&query=Halte%20Tendean&query_place_id=ChIJzxQ_IcPzaS4RV7uQkEkcGsY","3","Caesar Nugraha","https://www.google.com/maps/reviews/data=!4m8!14m7!1m6!2m5!1sChZDSUhNMG9nS0VJQ0FnSUNrZ3QyblFBEAE!2m1!1s0x0:0xc61a1c499090bb57!3m1!1s2@1:CIHM0ogKEICAgICkgt2nQA%7C%7C?hl=id","Ada tempat buat sholat terkesan space nya sempit sih, harapan saya sih ada jembatan penyebrangan ke halte tegal parang yah biar bisa transit kalo weekend kan gak ada bis puri beta - tosari 13c."
"Halte Tendean","https://www.google.com/maps/search/?api=1&query=Halte%20Tendean&query_place_id=ChIJzxQ_IcPzaS4RV7uQkEkcGsY","3","M Sjahrial","https://www.google.com/maps/reviews/data=!4m8!14m7!1m6!2m5!1sChZDSUhNMG9nS0VJQ0FnSURVOExXTVN3EAE!2m1!1s0x0:0xc61a1c499090bb57!3m1!1s2@1:CIHM0ogKEICAgIDU8LWMSw%7C%7C?hl=id","Halte ujung di koridor 13, walaupun bentuk fisiknya standard tapi fungsinya sangat bermanfaat untuk banyak penumpang. Halte ini juga merupakan halte transit untuk penumpang yg mau lanjut ke koridor lainnya. Halte ini dilengkapi dengan lampu penyeberangan sehingga sangat membantu penumpang."
"Halte Tendean","https://www.google.com/maps/search/?api=1&query=Halte%20Tendean&query_place_id=ChIJzxQ_IcPzaS4RV7uQkEkcGsY","3","Rurry Ambarwaty","https://www.google.com/maps/reviews/data=!4m8!14m7!1m6!2m5!1sChdDSUhNMG9nS0VJQ0FnSURTOWF6ajNnRRAB!2m1!1s0x0:0xc61a1c499090bb57!3m1!1s2@1:CIHM0ogKEICAgIDS9azj3gE%7C%7C?hl=id","Butuh waktu ± 15-20 menit transit disini nunggu bus tujuan Kuningan-Ciledug klo bkn rush hour busny cm smpe Rawa Barat.. nah dr Rawa Barat transit lg tunggu bus arah Blok M-Ciledug.."
"Halte Tendean","https://www.google.com/maps/search/?api=1&query=Halte%20Tendean&query_place_id=ChIJzxQ_IcPzaS4RV7uQkEkcGsY","3","Donny Andreas","https://www.google.com/maps/reviews/data=!4m8!14m7!1m6!2m5!1sChdDSUhNMG9nS0VJQ0FnSUQtMS1TYjhBRRAB!2m1!1s0x0:0xc61a1c499090bb57!3m1!1s2@1:CIHM0ogKEICAgID-1-Sb8AE%7C%7C?hl=id","Halte kecil dan tidak ada fasilitas penumpang beli minuman di mesin online minuman sehingga penumpang menunggu bus sering haus dan beli keluar jauh dan harus bayar tap kartu kembali"
"Halte Tendean","https://www.google.com/maps/search/?api=1&query=Halte%20Tendean&query_place_id=ChIJzxQ_IcPzaS4RV7uQkEkcGsY","3","Probo Warsito","https://www.google.com/maps/reviews/data=!4m8!14m7!1m6!2m5!1sChdDSUhNMG9nS0VJQ0FnSUNzbE9ubnVnRRAB!2m1!1s0x0:0xc61a1c499090bb57!3m1!1s2@1:CIHM0ogKEICAgICslOnnugE%7C%7C?hl=id","Salah satu halte di Koridor 13. Banyak ojek online yg ngetem dekat halte Tendean. Halte nya cukup luas. Dekat dengan gedung Trans TV. Sudah ada mushola dan toiletnya disini. Pada jam sibuk cukup ramai di halte ini. Disini bisa naik Transjakarta rute Kp.Rambutan dan Blok M. Untuk ke sini selain bisa naik kendaraan pribadi dan ojek online, bisa juga naik kendaraan umum seperti kopaja 57 jurusan Blok M-Kp.Rambutan, dan Transjakarta koridor 13 rute Blok M-Ciledug."
"Halte Tendean","https://www.google.com/maps/search/?api=1&query=Halte%20Tendean&query_place_id=ChIJzxQ_IcPzaS4RV7uQkEkcGsY","3","Maskar “Akay” Wijaya","https://www.google.com/maps/reviews/data=!4m8!14m7!1m6!2m5!1sCi9DQUlRQUNvZENodHljRjlvT25kV1JsODNjMGRQY1hKWk1uZ3dNRVZSU3pkQmJsRRAB!2m1!1s0x0:0xc61a1c499090bb57!3m1!1s2@1:CAIQACodChtycF9oOndWRl83c0dPcXJZMngwMEVRSzdBblE%7C%7C?hl=id","Hujan suka Bocor"
"Halte Tendean","https://www.google.com/maps/search/?api=1&query=Halte%20Tendean&query_place_id=ChIJzxQ_IcPzaS4RV7uQkEkcGsY","3","Johanus A Lebert","https://www.google.com/maps/reviews/data=!4m8!14m7!1m6!2m5!1sChZDSUhNMG9nS0VJQ0FnSUMwM1lqdVNREAE!2m1!1s0x0:0xc61a1c499090bb57!3m1!1s2@1:CIHM0ogKEICAgIC03YjuSQ%7C%7C?hl=id","Tidak ada jalan khusus yang menghubungkan halte ini ke halte busway terdekat ( Tegal Parang) jadi penumpang yang akan pindah jalur..harus menyusuri jalan umum, bukan trotoar/ jalur khusus utk pejalan kaki"
"Halte Tendean","https://www.google.com/maps/search/?api=1&query=Halte%20Tendean&query_place_id=ChIJzxQ_IcPzaS4RV7uQkEkcGsY","3","Heart Biker","https://www.google.com/maps/reviews/data=!4m8!14m7!1m6!2m5!1sChZDSUhNMG9nS0VJQ0FnSUNPZ056WUx3EAE!2m1!1s0x0:0xc61a1c499090bb57!3m1!1s2@1:CIHM0ogKEICAgICOgNzYLw%7C%7C?hl=id","Petugasnya sangat informatif dalam memberi instruksi arah dan tujuan terutama saat jam sibuk serta fasilitas free wifi. Kekurangannya halte seperti kurang di rawat"
"Halte Tendean","https://www.google.com/maps/search/?api=1&query=Halte%20Tendean&query_place_id=ChIJzxQ_IcPzaS4RV7uQkEkcGsY","3","Julianto Janto","https://www.google.com/maps/reviews/data=!4m8!14m7!1m6!2m5!1sChdDSUhNMG9nS0VJQ0FnSUNKel9YTHBBRRAB!2m1!1s0x0:0xc61a1c499090bb57!3m1!1s2@1:CIHM0ogKEICAgICJz_XLpAE%7C%7C?hl=id","Baru pertama berkunjung kemari semenjak diresmikan, cukup membantu bagi pengguna bus transjakarta, cukup banyak petugas yang akan memandu kita."
"Halte Tendean","https://www.google.com/maps/search/?api=1&query=Halte%20Tendean&query_place_id=ChIJzxQ_IcPzaS4RV7uQkEkcGsY","3","Reddy A. Susanto","https://www.google.com/maps/reviews/data=!4m8!14m7!1m6!2m5!1sChdDSUhNMG9nS0VJQ0FnSURrdTZpUmlBRRAB!2m1!1s0x0:0xc61a1c499090bb57!3m1!1s2@1:CIHM0ogKEICAgIDku6iRiAE%7C%7C?hl=id","Halte BUSWAY dengan format standar halte di Jakarta. Menunggu bus tidak lama karena pas hari libur. Kalau hari kerja, antri dan penuh penumpang saat jam kerja."
"Halte Tendean","https://www.google.com/maps/search/?api=1&query=Halte%20Tendean&query_place_id=ChIJzxQ_IcPzaS4RV7uQkEkcGsY","3","Yuni Cahyani","https://www.google.com/maps/reviews/data=!4m8!14m7!1m6!2m5!1sChdDSUhNMG9nS0VJQ0FnSUR5NGJicHZBRRAB!2m1!1s0x0:0xc61a1c499090bb57!3m1!1s2@1:CIHM0ogKEICAgIDy4bbpvAE%7C%7C?hl=id","Halte seberang trans tv, panas bgt aplg kl jam sibuk sesak penumpang. Kebersihan krg bgt terutama toilet nya."
"Halte Tendean","https://www.google.com/maps/search/?api=1&query=Halte%20Tendean&query_place_id=ChIJzxQ_IcPzaS4RV7uQkEkcGsY","3","murateruna mureyteruna","https://www.google.com/maps/reviews/data=!4m8!14m7!1m6!2m5!1sChdDSUhNMG9nS0VJQ0FnSUMweHZTQTFnRRAB!2m1!1s0x0:0xc61a1c499090bb57!3m1!1s2@1:CIHM0ogKEICAgIC0xvSA1gE%7C%7C?hl=id","Ini halte seharusnya bus ""kosong"" yang datang lebih cepat lagi, karena kalau di jam super sibuk (pulang kantor) antrinya ampun-ampunan."
"Halte Tendean","https://www.google.com/maps/search/?api=1&query=Halte%20Tendean&query_place_id=ChIJzxQ_IcPzaS4RV7uQkEkcGsY","3","Naufal Hakim 76","https://www.google.com/maps/reviews/data=!4m8!14m7!1m6!2m5!1sChZDSUhNMG9nS0VJQ0FnSURSak95aFJBEAE!2m1!1s0x0:0xc61a1c499090bb57!3m1!1s2@1:CIHM0ogKEICAgIDRjOyhRA%7C%7C?hl=id","hati-hati salah tujuan wkwk"
"Halte Tendean","https://www.google.com/maps/search/?api=1&query=Halte%20Tendean&query_place_id=ChIJzxQ_IcPzaS4RV7uQkEkcGsY","3","Carlan Raharjo","https://www.google.com/maps/reviews/data=!4m8!14m7!1m6!2m5!1sChdDSUhNMG9nS0VJQ0FnSUQwbEpMa3ZRRRAB!2m1!1s0x0:0xc61a1c499090bb57!3m1!1s2@1:CIHM0ogKEICAgID0lJLkvQE%7C%7C?hl=id","Tempatnya terlalu kecil. Sebagai halte transit dr beberapa rute mestinya lebih besar dr yg sekarang. Semoga pihak terkait melihat maslah ini."
"Halte Tendean","https://www.google.com/maps/search/?api=1&query=Halte%20Tendean&query_place_id=ChIJzxQ_IcPzaS4RV7uQkEkcGsY","3","Hambali Bali","https://www.google.com/maps/reviews/data=!4m8!14m7!1m6!2m5!1sChdDSUhNMG9nS0VJQ0FnSUNpcXVmTG1BRRAB!2m1!1s0x0:0xc61a1c499090bb57!3m1!1s2@1:CIHM0ogKEICAgICiqufLmAE%7C%7C?hl=id","Katanya masih PSPB jaga jarak .tp untuk penumpang sendiri masih penuh dan Ba nyak yg berdiri dempet dempetan"
"Halte Tendean","https://www.google.com/maps/search/?api=1&query=Halte%20Tendean&query_place_id=ChIJzxQ_IcPzaS4RV7uQkEkcGsY","3","Drama shiney lovers","https://www.google.com/maps/reviews/data=!4m8!14m7!1m6!2m5!1sChdDSUhNMG9nS0VJQ0FnSURSbnViR3lBRRAB!2m1!1s0x0:0xc61a1c499090bb57!3m1!1s2@1:CIHM0ogKEICAgIDRnubGyAE%7C%7C?hl=id","petugas busway ada yang jutek dan pernah nunggu lamaaa banget tapi gak ad pemberitahuan dr petugasnya"
"Halte Tendean","https://www.google.com/maps/search/?api=1&query=Halte%20Tendean&query_place_id=ChIJzxQ_IcPzaS4RV7uQkEkcGsY","3","Abidin M.Asyek","https://www.google.com/maps/reviews/data=!4m8!14m7!1m6!2m5!1sChZDSUhNMG9nS0VJQ0FnSUN3MWRtUlpBEAE!2m1!1s0x0:0xc61a1c499090bb57!3m1!1s2@1:CIHM0ogKEICAgICw1dmRZA%7C%7C?hl=id","Antrian menuju Puri Beta/ Ciledug sore hari."
"Halte Tendean","https://www.google.com/maps/search/?api=1&query=Halte%20Tendean&query_place_id=ChIJzxQ_IcPzaS4RV7uQkEkcGsY","3","Achmad Putra Pajar","https://www.google.com/maps/reviews/data=!4m8!14m7!1m6!2m5!1sChZDSUhNMG9nS0VJQ0FnSUM0NkstQld3EAE!2m1!1s0x0:0xc61a1c499090bb57!3m1!1s2@1:CIHM0ogKEICAgIC46K-BWw%7C%7C?hl=id","Haltenya terletak di depan gedung mega ruangan sempit didepannya banyak gojek online dan ojek pangkalan sehingga untuk ruas jalan cukup sempit"
"Halte trans jakarta","https://www.google.com/maps/search/?api=1&query=Halte%20trans%20jakarta&query_place_id=ChIJWbUaCB3taS4R_Y7ZgXyzcD0","1","Nova","https://www.google.com/maps/reviews/data=!4m8!14m7!1m6!2m5!1sChdDSUhNMG9nS0VLU2V2YmVKb0pDU3pBRRAB!2m1!1s0x0:0x3d70b37c81d98efd!3m1!1s2@1:CIHM0ogKEKSevbeJoJCSzAE%7C%7C?hl=id","Masukan untuk petugas yang jaga di halte Cibubur junction 7C tolong agar lebih aware dengan penumpang lansia atau prioritas lainnya.
Sekiranya bis sudah penuh tolong ditahan agar ikut bis selanjutnya
Demi kenyamanan penumpang prioritas agar bisa duduk dan penumpang lainnya yang sudah rela mengantri panjang agar bisa duduk

Kasian buat penumpang yang udh antri panjang biar bisa dapet duduk ketika udh duduk di kursi yang bukan prioritas tiba"" diminta kursinya sama penumpang prioritas, kalau gak dikasih kursi kesan nya egois tapi sbnernya dia udh rela antri panjang buat dapet kursi

Semoga petugas bisa lebih baik dan bijak lagi  dalam melayani penumpang"
"Halte trans jakarta","https://www.google.com/maps/search/?api=1&query=Halte%20trans%20jakarta&query_place_id=ChIJWbUaCB3taS4R_Y7ZgXyzcD0","1","R","https://www.google.com/maps/reviews/data=!4m8!14m7!1m6!2m5!1sCi9DQUlRQUNvZENodHljRjlvT25abU0wbEVNbkJGVWtWdGRXMVJha0Z4Vm5CU1RYYxAB!2m1!1s0x0:0x3d70b37c81d98efd!3m1!1s2@1:CAIQACodChtycF9oOnZmM0lEMnBFUkVtdW1RakFxVnBSTXc%7C%7C?hl=id","Review Transjakarta hari ini pukul 11.54 pagi di halte bundaran Cargo Soetta ngebut tidak ada berhenti yang harusnya titik bus stop.
Tolong diperbaiki kinerja drivernya!"
"Halte trans jakarta","https://www.google.com/maps/search/?api=1&query=Halte%20trans%20jakarta&query_place_id=ChIJWbUaCB3taS4R_Y7ZgXyzcD0","1","Ajun Permana","https://www.google.com/maps/reviews/data=!4m8!14m7!1m6!2m5!1sCi9DQUlRQUNvZENodHljRjlvT2w5WVFUZFBSSEF3Y1ZWdFJIQnVYMWRLVEdSVVdrRRAB!2m1!1s0x0:0x3d70b37c81d98efd!3m1!1s2@1:CAIQACodChtycF9oOl9YQTdPRHAwcVVtRHBuX1dKTGRUWkE%7C%7C?hl=id","Tolong petugas 7c.. bedain cawang mana tanjung priuk mana antrianyaa udaa antri panjang mau ikut cawang tau nyaa masuk antriaan tanjung priuk,, sepele tapi berguna"
"Halte trans jakarta","https://www.google.com/maps/search/?api=1&query=Halte%20trans%20jakarta&query_place_id=ChIJWbUaCB3taS4R_Y7ZgXyzcD0","1","Rakyat Pisces","https://www.google.com/maps/reviews/data=!4m8!14m7!1m6!2m5!1sChZDSUhNMG9nS0VJQ0FnTURJbXJ5Rkx3EAE!2m1!1s0x0:0x3d70b37c81d98efd!3m1!1s2@1:CIHM0ogKEICAgMDImryFLw%7C%7C?hl=id","Bad banget Attitude nya ,sm petugas cewek hijab halte busway yg di cibubur juntion. Orang nanya ko malah sibuk main hp..jawab sejawab nya. Gada ramah ramah ny samsek .
Today sial banget ktmu petugas kek gt"
"Halte trans jakarta","https://www.google.com/maps/search/?api=1&query=Halte%20trans%20jakarta&query_place_id=ChIJWbUaCB3taS4R_Y7ZgXyzcD0","1","puspita azhari","https://www.google.com/maps/reviews/data=!4m8!14m7!1m6!2m5!1sCi9DQUlRQUNvZENodHljRjlvT2pkUWFWSnhTbEJxU0VWUE1FTndPRWxGVDJzd1ZVRRAB!2m1!1s0x0:0x3d70b37c81d98efd!3m1!1s2@1:CAIQACodChtycF9oOjdQaVJxSlBqSEVPMENwOElFT2swVUE%7C%7C?hl=id","TOLONG YA UNTUK PETUGAS TJ YANG BERADA DI HALTE BUPPERTA YANG PAKE KACAMATA TIDAK ADA ETIKA DAN TIDAK SOPAN SEKALI KETIKA SAYA NANYA, HANYA MAIN HP BAD ATITUDE SEKALI GAUSHA KERJA DI PUBLIC TRANSPORTASI. SO BAD ATITUDE"
"Halte trans jakarta","https://www.google.com/maps/search/?api=1&query=Halte%20trans%20jakarta&query_place_id=ChIJWbUaCB3taS4R_Y7ZgXyzcD0","1","Erik Kantona sebastian","https://www.google.com/maps/reviews/data=!4m8!14m7!1m6!2m5!1sChdDSUhNMG9nS0VKM2g0TG1qMjgtcmxRRRAB!2m1!1s0x0:0x3d70b37c81d98efd!3m1!1s2@1:CIHM0ogKEJ3h4Lmj28-rlQE%7C%7C?hl=id","TIDAK ADA SARANA PENGISIAN E MONEY DI SEKITAT HALTE ..!!! PADAHAL SEMUA TAU KALAU SEKITAR HALTE JAUH DARI TEMPAT UNTUK TOP UP EMONEY , SANGAT SANGAT MENGECEWAKAN ....!!!!!! SEGERA ADA KAN LAYANAN TOP LEBIH PAGI DARI BERSAMAAN DENGAN DIBUKA NYA HALTE"
"Halte trans jakarta","https://www.google.com/maps/search/?api=1&query=Halte%20trans%20jakarta&query_place_id=ChIJWbUaCB3taS4R_Y7ZgXyzcD0","1","Protalyst ID Channel","https://www.google.com/maps/reviews/data=!4m8!14m7!1m6!2m5!1sChZDSUhNMG9nS0VJQ0FnSUR4M3RPaFdBEAE!2m1!1s0x0:0x3d70b37c81d98efd!3m1!1s2@1:CIHM0ogKEICAgIDx3tOhWA%7C%7C?hl=id","Halte sdh jadi terminal tempat ngetem trans jakarta, angkot, kendaraan pribadi, pedagang, dsb..bikin macet aja. Ngetem bisa 2 - 3 lajur..perlu pengaturan lebih lanjut oleh pihak berwenang."
"Halte trans jakarta","https://www.google.com/maps/search/?api=1&query=Halte%20trans%20jakarta&query_place_id=ChIJWbUaCB3taS4R_Y7ZgXyzcD0","1","Aripin Ipin","https://www.google.com/maps/reviews/data=!4m8!14m7!1m6!2m5!1sCi9DQUlRQUNvZENodHljRjlvT2xOTFZEUkZPSFJaYVd4ek9HNVdSbWhwV2xWTGEyYxAB!2m1!1s0x0:0x3d70b37c81d98efd!3m1!1s2@1:CAIQACodChtycF9oOlNLVDRFOHRZaWxzOG5WRmhpWlVLa2c%7C%7C?hl=id","Tutup terlalu cepat pulang kerja aja jam 10mlm"
"Halte trans jakarta","https://www.google.com/maps/search/?api=1&query=Halte%20trans%20jakarta&query_place_id=ChIJWbUaCB3taS4R_Y7ZgXyzcD0","1","Iswahyudi Iswahyudi","https://www.google.com/maps/reviews/data=!4m8!14m7!1m6!2m5!1sChdDSUhNMG9nS0VKNmx2NTdIbU1TTnlRRRAB!2m1!1s0x0:0x3d70b37c81d98efd!3m1!1s2@1:CIHM0ogKEJ6lv57HmMSNyQE%7C%7C?hl=id","Armada royal trans nya sedikit. Menunggu lama"
"Halte trans jakarta","https://www.google.com/maps/search/?api=1&query=Halte%20trans%20jakarta&query_place_id=ChIJWbUaCB3taS4R_Y7ZgXyzcD0","1","Ali Yafi","https://www.google.com/maps/reviews/data=!4m8!14m7!1m6!2m5!1sChZDSUhNMG9nS0VJQ0FnSUR4NWVtbE1BEAE!2m1!1s0x0:0x3d70b37c81d98efd!3m1!1s2@1:CIHM0ogKEICAgIDx5emlMA%7C%7C?hl=id","Tolong dengan sangat segera di adakan tempat top up kartu. Kejadian malam setengah 10 hujan bnyk ibu² kehabisan saldo bingung mau pulang gimana. Dengan santainya petugas menyuruh ibu² top up ke alfamart yg berjarak 800m dalam kondisi ujan tanpa payung. Jaman semakin canggih hp ada NFC knpa tidak adakan petugas untuk melayani top up kartu? Mana jam operasi sampai jam 10 lagi pda ga bisa pulang akhirnya ibuk² itu. Kalau bisa di buat 24 jam juga koridor bkn-cibubur karena bnyk warga cibubur pulang kerja jam 10 malam ato terkena macet. Sering jga pulang jam 8 dari jakarta pusat sampai bkn sudah kehabisan bis yang kecibubur.

Update. Petugas ko bloon² bngt di jam 4.30 harusnya di nyalain Tap kartunya. Jam 4.45 Pas udah pada baris disuruh tap in ya pada berubah posisi antrinya bikin ribut pagi². Harusnya pas mau msl bis baru di suruh tap in biar ga berubah posisi antri."
"Halte trans jakarta","https://www.google.com/maps/search/?api=1&query=Halte%20trans%20jakarta&query_place_id=ChIJWbUaCB3taS4R_Y7ZgXyzcD0","1","Rita Farida Sabatini","https://www.google.com/maps/reviews/data=!4m8!14m7!1m6!2m5!1sChZDSUhNMG9nS0VJQ0FnSURWeS03SEVBEAE!2m1!1s0x0:0x3d70b37c81d98efd!3m1!1s2@1:CIHM0ogKEICAgIDVy-7HEA%7C%7C?hl=id","aduh petugasnya bener ga helpfull 😭 saya lagi tap in dan emg kartunya bermasalah saya minta tolong sama petugasnya gadigubris kaya padahal buru buru bgt🥲 masalahnya kalo dari cibubur baru jalan tiap 1/2 jam. Bener aja akhirnya jalan trs mau gamau hrs nunggu 1/2 jam lagi😭😭😭 kan bisa gitu dibantu biar cepet atau bilangin sebentar padahal kaya cuma beberapa menit tp emg udh sering bgt si ini petugas di cibubur angkuhnya luar biasa🙏🏻🙏🏻 beda sama petugas di halte lain padahal lebih crowded"
"Halte trans jakarta","https://www.google.com/maps/search/?api=1&query=Halte%20trans%20jakarta&query_place_id=ChIJWbUaCB3taS4R_Y7ZgXyzcD0","1","Rezi Aulia","https://www.google.com/maps/reviews/data=!4m8!14m7!1m6!2m5!1sChdDSUhNMG9nS0VJQ0FnSUNwLVpyXzRnRRAB!2m1!1s0x0:0x3d70b37c81d98efd!3m1!1s2@1:CIHM0ogKEICAgICp-Zr_4gE%7C%7C?hl=id","Petugas busway y pada tolol semua pada main slot semua bini w lagi hamil jadi diri fungsi y pin ibu hamil itu apa percuma w ngurus pin ibu hamil seakan2 petugas y pada tutup mata gk liat apa pin ibu hamil makan gaji buta udah 4 x w dapet laporan bini w gk dapet tempat duduk percuma w ngurus pin ibu hamil di gelanggang remaja w gk bakal apus ini klo masih blum di perbaiki"
"Halte trans jakarta","https://www.google.com/maps/search/?api=1&query=Halte%20trans%20jakarta&query_place_id=ChIJWbUaCB3taS4R_Y7ZgXyzcD0","1","niia. whiezha","https://www.google.com/maps/reviews/data=!4m8!14m7!1m6!2m5!1sChdDSUhNMG9nS0VJQ0FnSUNuOWFMOWpnRRAB!2m1!1s0x0:0x3d70b37c81d98efd!3m1!1s2@1:CIHM0ogKEICAgICn9aL9jgE%7C%7C?hl=id","halte ramai tapi untuk pemakaian aplikasi TJ tidak bisa .
kasian yg tidak punya kartu"
"Halte trans jakarta","https://www.google.com/maps/search/?api=1&query=Halte%20trans%20jakarta&query_place_id=ChIJWbUaCB3taS4R_Y7ZgXyzcD0","1","Cambogdia 123","https://www.google.com/maps/reviews/data=!4m8!14m7!1m6!2m5!1sChdDSUhNMG9nS0VJQ0FnSUN2a2ViMjZBRRAB!2m1!1s0x0:0x3d70b37c81d98efd!3m1!1s2@1:CIHM0ogKEICAgICvkeb26AE%7C%7C?hl=id","TIDAK ADA MESIN PENGISIAN E MONEY OTOMATIS   ,, PAS SALDO ABIS AUTO PUTAR BALIK"
"Halte trans jakarta","https://www.google.com/maps/search/?api=1&query=Halte%20trans%20jakarta&query_place_id=ChIJWbUaCB3taS4R_Y7ZgXyzcD0","1","fuji kharisma","https://www.google.com/maps/reviews/data=!4m8!14m7!1m6!2m5!1sChZDSUhNMG9nS0VJQ0FnSUR0ei1PdllBEAE!2m1!1s0x0:0x3d70b37c81d98efd!3m1!1s2@1:CIHM0ogKEICAgIDtz-OvYA%7C%7C?hl=id","Kurang informatif, kordinasi juga kurang antara petugas halte dengan driver busway. Tidak seperti halte busway lainnya di jakarta. Petugas halte disini tidak gesit."
"Halte trans jakarta","https://www.google.com/maps/search/?api=1&query=Halte%20trans%20jakarta&query_place_id=ChIJWbUaCB3taS4R_Y7ZgXyzcD0","1","Haryoso -","https://www.google.com/maps/reviews/data=!4m8!14m7!1m6!2m5!1sChdDSUhNMG9nS0VJQ0FnSUN1X2JIbHN3RRAB!2m1!1s0x0:0x3d70b37c81d98efd!3m1!1s2@1:CIHM0ogKEICAgICu_bHlswE%7C%7C?hl=id","sangat disayang kan jam operasional terakhir busway... dari cibubur ke bkn.. terakhir jam 21.30...  sedangkan jak lingko aja jam 22.00...

kenapa ga jam 22.00 keberangkatan terakhir.."
"Halte trans jakarta","https://www.google.com/maps/search/?api=1&query=Halte%20trans%20jakarta&query_place_id=ChIJWbUaCB3taS4R_Y7ZgXyzcD0","1","Argeta Gerson","https://www.google.com/maps/reviews/data=!4m8!14m7!1m6!2m5!1sChdDSUhNMG9nS0VJQ0FnSURHeDRYS19nRRAB!2m1!1s0x0:0x3d70b37c81d98efd!3m1!1s2@1:CIHM0ogKEICAgIDGx4XK_gE%7C%7C?hl=id","Mhn perhatian buat aparat terkait baik itu dinas perhubungan maupun polantas agar menertibkan busway yg parkir terlalu panjang sehingga halte sdh seperti terminal dn ditambah lagi busway parkir menutup garis zebra cross sehingga menyulitkan pejalan kaki utk menyeberang"
"Halte trans jakarta","https://www.google.com/maps/search/?api=1&query=Halte%20trans%20jakarta&query_place_id=ChIJWbUaCB3taS4R_Y7ZgXyzcD0","1","mahesa kadek","https://www.google.com/maps/reviews/data=!4m8!14m7!1m6!2m5!1sChdDSUhNMG9nS0VJQ0FnSUNlN0lHSDlnRRAB!2m1!1s0x0:0x3d70b37c81d98efd!3m1!1s2@1:CIHM0ogKEICAgICe7IGH9gE%7C%7C?hl=id","tidak menjual kartu busway, kartu multi trip juga tidak bisa dipakai disini,"
"Halte trans jakarta","https://www.google.com/maps/search/?api=1&query=Halte%20trans%20jakarta&query_place_id=ChIJWbUaCB3taS4R_Y7ZgXyzcD0","1","mutiara michelle","https://www.google.com/maps/reviews/data=!4m8!14m7!1m6!2m5!1sChdDSUhNMG9nS0VJQ0FnSUR1LVl1bzdBRRAB!2m1!1s0x0:0x3d70b37c81d98efd!3m1!1s2@1:CIHM0ogKEICAgIDu-Yuo7AE%7C%7C?hl=id","setiap pagi antrian tidak teratur"
"Halte trans jakarta","https://www.google.com/maps/search/?api=1&query=Halte%20trans%20jakarta&query_place_id=ChIJWbUaCB3taS4R_Y7ZgXyzcD0","1","nurul laily","https://www.google.com/maps/reviews/data=!4m8!14m7!1m6!2m5!1sChZDSUhNMG9nS0VJQ0FnSUNPcEkzTGF3EAE!2m1!1s0x0:0x3d70b37c81d98efd!3m1!1s2@1:CIHM0ogKEICAgICOpI3Law%7C%7C?hl=id","Bau Pesing sih tempat nya"
"Halte trans jakarta","https://www.google.com/maps/search/?api=1&query=Halte%20trans%20jakarta&query_place_id=ChIJWbUaCB3taS4R_Y7ZgXyzcD0","1","Dwi Sartika","https://www.google.com/maps/reviews/data=!4m8!14m7!1m6!2m5!1sChZDSUhNMG9nS0VJQ0FnSUQya3FtM2NnEAE!2m1!1s0x0:0x3d70b37c81d98efd!3m1!1s2@1:CIHM0ogKEICAgID2kqm3cg%7C%7C?hl=id","Parah pelayanan karyawannya"
"Halte trans jakarta","https://www.google.com/maps/search/?api=1&query=Halte%20trans%20jakarta&query_place_id=ChIJWbUaCB3taS4R_Y7ZgXyzcD0","1","Zefanya Catherina","https://www.google.com/maps/reviews/data=!4m8!14m7!1m6!2m5!1sChZDSUhNMG9nS0VJQ0FnSURSd0xPWVJnEAE!2m1!1s0x0:0x3d70b37c81d98efd!3m1!1s2@1:CIHM0ogKEICAgIDRwLOYRg%7C%7C?hl=id","The locket staff is not helpful. Even talk without seeing customer eyes and focus to his phone only, not even trying to help the customer if we don’t force them. Happened on 15 April 10.40."
"Halte trans jakarta","https://www.google.com/maps/search/?api=1&query=Halte%20trans%20jakarta&query_place_id=ChIJWbUaCB3taS4R_Y7ZgXyzcD0","1","Leman Sulaeman","https://www.google.com/maps/reviews/data=!4m8!14m7!1m6!2m5!1sChZDSUhNMG9nS0VJQ0FnSUNWajVxbUlREAE!2m1!1s0x0:0x3d70b37c81d98efd!3m1!1s2@1:CIHM0ogKEICAgICVj5qmIQ%7C%7C?hl=id",
"Halte trans jakarta","https://www.google.com/maps/search/?api=1&query=Halte%20trans%20jakarta&query_place_id=ChIJWbUaCB3taS4R_Y7ZgXyzcD0","2","Hery Chandra","https://www.google.com/maps/reviews/data=!4m8!14m7!1m6!2m5!1sChZDSUhNMG9nS0VJQ0FnTURvbHNUelZnEAE!2m1!1s0x0:0x3d70b37c81d98efd!3m1!1s2@1:CIHM0ogKEICAgMDolsTzVg%7C%7C?hl=id","TJ di cibubur terbilang pendek jaraknya ke UKi , tp biasa antriannya panjang , harusnya armadanya di tambahin , ngetem juga jgn kelamaan . Karena saat TJ balik lagi kecibubur banyak titik macet di buperta dan puteran cibubur junction . Jadi harusnya pihak TJ mempertimbangkannya lagi"
"Halte trans jakarta","https://www.google.com/maps/search/?api=1&query=Halte%20trans%20jakarta&query_place_id=ChIJWbUaCB3taS4R_Y7ZgXyzcD0","2","Anindy Dwitika","https://www.google.com/maps/reviews/data=!4m8!14m7!1m6!2m5!1sChdDSUhNMG9nS0VJQ0FnSURlZ3JUZ3FRRRAB!2m1!1s0x0:0x3d70b37c81d98efd!3m1!1s2@1:CIHM0ogKEICAgIDegrTgqQE%7C%7C?hl=id","sistemnya ngaco banget tj sekarang, biasany ngantri cuma 1 barisan skrg nguler jadi 5 gra gara sistem yg diubah padahla itu udh jam set. 9 pagi yg biasanya udah sepi"
"Halte trans jakarta","https://www.google.com/maps/search/?api=1&query=Halte%20trans%20jakarta&query_place_id=ChIJWbUaCB3taS4R_Y7ZgXyzcD0","2","Andre Resdianto","https://www.google.com/maps/reviews/data=!4m8!14m7!1m6!2m5!1sChdDSUhNMG9nS0VJQ0FnSUQxMzlqXzBnRRAB!2m1!1s0x0:0x3d70b37c81d98efd!3m1!1s2@1:CIHM0ogKEICAgID139j_0gE%7C%7C?hl=id","-tempat antrian yang kurang nyaman dari panas terik matahari,

-terlalu banyak transjakarta yg ngetem, sehingga menutupi Transdepok yang datang

- alih² orang mengantri, mengapa bus yg stdby tidak langsung buka pintu aja, bus penuh lsg berangkat..."
"Halte trans jakarta","https://www.google.com/maps/search/?api=1&query=Halte%20trans%20jakarta&query_place_id=ChIJWbUaCB3taS4R_Y7ZgXyzcD0","2","Omreg Siregar","https://www.google.com/maps/reviews/data=!4m8!14m7!1m6!2m5!1sChdDSUhNMG9nS0VJQ0FnSURPdU91Z3VnRRAB!2m1!1s0x0:0x3d70b37c81d98efd!3m1!1s2@1:CIHM0ogKEICAgIDOuOugugE%7C%7C?hl=id","Terlalu panjang antrian pagi 7C, padahal bus ada 2, harusnya langsung di isi aja dua dua bus nya, sekalian berangkat, supaya mobilisasi lebih cepat, antrian juga lebih cepat selesai. Karena semua penumpang pasti ingin mengejar waktu biar gak telat kerja."
"Halte trans jakarta","https://www.google.com/maps/search/?api=1&query=Halte%20trans%20jakarta&query_place_id=ChIJWbUaCB3taS4R_Y7ZgXyzcD0","2","Abang Putra_KL","https://www.google.com/maps/reviews/data=!4m8!14m7!1m6!2m5!1sChdDSUhNMG9nS0VJQ0FnSURSMXRHeXlnRRAB!2m1!1s0x0:0x3d70b37c81d98efd!3m1!1s2@1:CIHM0ogKEICAgIDR1tGyygE%7C%7C?hl=id","Nyebelin kalau antri di halte ini saat buru2 mau brngkat kerja pagi kudu beraturan spiral"
"Halte trans jakarta","https://www.google.com/maps/search/?api=1&query=Halte%20trans%20jakarta&query_place_id=ChIJWbUaCB3taS4R_Y7ZgXyzcD0","2","Maleakhi Ludung Jubeliel Dr PAR M BA (Alleta)","https://www.google.com/maps/reviews/data=!4m8!14m7!1m6!2m5!1sChdDSUhNMG9nS0VJWGpsZEdmdDhxbjd3RRAB!2m1!1s0x0:0x3d70b37c81d98efd!3m1!1s2@1:CIHM0ogKEIXjldGft8qn7wE%7C%7C?hl=id","Kurang lama jalan"
"Halte trans jakarta","https://www.google.com/maps/search/?api=1&query=Halte%20trans%20jakarta&query_place_id=ChIJWbUaCB3taS4R_Y7ZgXyzcD0","2","Gio Tio","https://www.google.com/maps/reviews/data=!4m8!14m7!1m6!2m5!1sChZDSUhNMG9nS0VJQ0FnSUQtaWI2LWNnEAE!2m1!1s0x0:0x3d70b37c81d98efd!3m1!1s2@1:CIHM0ogKEICAgID-ib6-cg%7C%7C?hl=id","Banyak Parkir Liar Gaes...........🤦‍♂"
"Halte trans jakarta","https://www.google.com/maps/search/?api=1&query=Halte%20trans%20jakarta&query_place_id=ChIJWbUaCB3taS4R_Y7ZgXyzcD0","2","Dwi Handoko","https://www.google.com/maps/reviews/data=!4m8!14m7!1m6!2m5!1sChZDSUhNMG9nS0VJQ0FnSUNCa1l2R0Z3EAE!2m1!1s0x0:0x3d70b37c81d98efd!3m1!1s2@1:CIHM0ogKEICAgICBkYvGFw%7C%7C?hl=id","Bikin halte busway donk"
"Halte trans jakarta","https://www.google.com/maps/search/?api=1&query=Halte%20trans%20jakarta&query_place_id=ChIJWbUaCB3taS4R_Y7ZgXyzcD0","2","Kinoy Kinoy","https://www.google.com/maps/reviews/data=!4m8!14m7!1m6!2m5!1sChdDSUhNMG9nS0VJQ0FnSUR1MDhia25nRRAB!2m1!1s0x0:0x3d70b37c81d98efd!3m1!1s2@1:CIHM0ogKEICAgIDu08bkngE%7C%7C?hl=id","Semrawut"
"Halte trans jakarta","https://www.google.com/maps/search/?api=1&query=Halte%20trans%20jakarta&query_place_id=ChIJWbUaCB3taS4R_Y7ZgXyzcD0","2","Nab Hh","https://www.google.com/maps/reviews/data=!4m8!14m7!1m6!2m5!1sChZDSUhNMG9nS0VJQ0FnSUN6cWZYb1p3EAE!2m1!1s0x0:0x3d70b37c81d98efd!3m1!1s2@1:CIHM0ogKEICAgICzqfXoZw%7C%7C?hl=id",
"Halte trans jakarta","https://www.google.com/maps/search/?api=1&query=Halte%20trans%20jakarta&query_place_id=ChIJWbUaCB3taS4R_Y7ZgXyzcD0","2","Puspa Putri","https://www.google.com/maps/reviews/data=!4m8!14m7!1m6!2m5!1sChZDSUhNMG9nS0VJQ0FnSUQybWJ1X0VREAE!2m1!1s0x0:0x3d70b37c81d98efd!3m1!1s2@1:CIHM0ogKEICAgID2mbu_EQ%7C%7C?hl=id",
"Halte trans jakarta","https://www.google.com/maps/search/?api=1&query=Halte%20trans%20jakarta&query_place_id=ChIJWbUaCB3taS4R_Y7ZgXyzcD0","3","wong jowo","https://www.google.com/maps/reviews/data=!4m8!14m7!1m6!2m5!1sCi9DQUlRQUNvZENodHljRjlvT21sMlRqaEJZbkp5YzB3Mk9GODBOMmwzTlZCQ1lYYxAB!2m1!1s0x0:0x3d70b37c81d98efd!3m1!1s2@1:CAIQACodChtycF9oOml2TjhBYnJyc0w2OF80N2l3NVBCYXc%7C%7C?hl=id","Pelayanan makin buruk, waktu tunggu royal trans makin lama. Tolong perhatikan jumlah armada dibanding penumpang, ada jurusan yg sepi tapi armada banyak sementara jurusan lain banyak antrian tapi bis tak kunjung datang.

Bis yg sudah penuh juga g bisa langsung jalan karena terhalang bis atau kendaraan lain.

Buat pemerintah saran saya ubah saja parkiran RS PON jadi halte TJ sehingga mobilisasi bis TJ g makan jalan umum"
"Halte trans jakarta","https://www.google.com/maps/search/?api=1&query=Halte%20trans%20jakarta&query_place_id=ChIJWbUaCB3taS4R_Y7ZgXyzcD0","3","Chandra Irawan","https://www.google.com/maps/reviews/data=!4m8!14m7!1m6!2m5!1sChdDSUhNMG9nS0VJQ0FnSUNPOGNDdTlBRRAB!2m1!1s0x0:0x3d70b37c81d98efd!3m1!1s2@1:CIHM0ogKEICAgICO8cCu9AE%7C%7C?hl=id","Sudah normal aktif kembali setelah pandemi covid-19..🚌🚌
Walau yg sabtu & minggu masih ditiadakan..
Sayang, karena keterbatasan atap halte jadi agak menyulitkan pas antre dikala hujan..

Fasilitasnya kurang friendly buat penyandang disabilitas♿..

Antrean busway nya menutupi jalur zebra cross...sehingga agak menyulitkan jika ingin menyeberang ke arah cibubur junction...

Plusnya, banyak pedagang jajanan 🍔🍟🌮🍜🥨 dan minuman 🍦☕🥤🧋🍼 dikala sore sampai malam yg menempati trotoar🚸..
Minusnya jadi menyulitkan bagi pejalan kaki..🚶‍♀️🚶‍♂️
Berharap sabtu dan minggu busway nya kembali aktif.."
"Halte trans jakarta","https://www.google.com/maps/search/?api=1&query=Halte%20trans%20jakarta&query_place_id=ChIJWbUaCB3taS4R_Y7ZgXyzcD0","3","Dular Budi Jatmiko","https://www.google.com/maps/reviews/data=!4m8!14m7!1m6!2m5!1sCi9DQUlRQUNvZENodHljRjlvT21KcmJFVkxXblZ3UzNneWJHMXlkMGhVVkhWd1NuYxAB!2m1!1s0x0:0x3d70b37c81d98efd!3m1!1s2@1:CAIQACodChtycF9oOmJrbEVLWnVwS3gybG1yd0hUVHVwSnc%7C%7C?hl=id","Perlu pembersihan reguler"
"Halte trans jakarta","https://www.google.com/maps/search/?api=1&query=Halte%20trans%20jakarta&query_place_id=ChIJWbUaCB3taS4R_Y7ZgXyzcD0","3","Didin Saep","https://www.google.com/maps/reviews/data=!4m8!14m7!1m6!2m5!1sChdDSUhNMG9nS0VJQ0FnSUNuMUp2T3NRRRAB!2m1!1s0x0:0x3d70b37c81d98efd!3m1!1s2@1:CIHM0ogKEICAgICn1JvOsQE%7C%7C?hl=id","Sangat ramai kalau pagi dan cukup tertib antriaan nya

Tapi tolong bisa dilengkapi dengan musholah dan toilet seperti halte besar lain nya di jkrt"
"Halte trans jakarta","https://www.google.com/maps/search/?api=1&query=Halte%20trans%20jakarta&query_place_id=ChIJWbUaCB3taS4R_Y7ZgXyzcD0","3","Ariani Muslimin","https://www.google.com/maps/reviews/data=!4m8!14m7!1m6!2m5!1sChdDSUhNMG9nS0VJQ0FnSUNsMmZEX3lBRRAB!2m1!1s0x0:0x3d70b37c81d98efd!3m1!1s2@1:CIHM0ogKEICAgICl2fD_yAE%7C%7C?hl=id","[07.030, 21/11/2023] Halte cibujang. Kenapa org dipaksa utk naik berdiri gak boleh ada antrian baru. Kan kita bayr masa nasib kita ditentuin sama kenek2 teje di cibujang
Kesel gw. Ibu2 yg sdh tua dipaksa naik. Padahal dia ngantri mau naik yg next spy dapet duduk. Tp dipaksa naik. Kita kan sdh sesuai sop bayar , antri. Masa dipaksa naik gak boleh bikin antrian baru setelah antri pajang. Dan dia teriak2 Allahuakbar gitu marah2 krn org gak mau berdiri. Jd gw td krn gak mau berdebat aja ya naik aja. Eh beneran macet 1.5jam di tol berdiri.
Gw pernah tantang. Gak mau naik. Ya itu dia sampe teriak Allahuakbar. Tp gw gak pegang hp, tdnya mau gw rekam. Nah tadi gw naik berdiri. Dibawah gw liat ibu2 dipaksa naik. Kalau dia gak naik. Busnya gak jln2. Masa gitu. Padahal setelah ibu itu naik. Dua dibelakang ibu nunggu bus berikutnya. Krn bus udah penuh. Jahat kan.  Timbang 2 org doang tu ibu dipaksa naik. Parah. Dan ini hanya terjadi di halte tije Cibujang, Cibubur"
"Halte trans jakarta","https://www.google.com/maps/search/?api=1&query=Halte%20trans%20jakarta&query_place_id=ChIJWbUaCB3taS4R_Y7ZgXyzcD0","3","Van der Saar","https://www.google.com/maps/reviews/data=!4m8!14m7!1m6!2m5!1sChZDSUhNMG9nS0VJQ0FnSURweVp1dkdREAE!2m1!1s0x0:0x3d70b37c81d98efd!3m1!1s2@1:CIHM0ogKEICAgIDpyZuvGQ%7C%7C?hl=id","Daerah ramai namun tidak ada kuliner kelas rakyat , kedai kopi pun tak ada, perlunya pemerintah menyiapkan tempat kuliner kelas bawah"
"Halte trans jakarta","https://www.google.com/maps/search/?api=1&query=Halte%20trans%20jakarta&query_place_id=ChIJWbUaCB3taS4R_Y7ZgXyzcD0","3","Sigit Lisdiani","https://www.google.com/maps/reviews/data=!4m8!14m7!1m6!2m5!1sChdDSUhNMG9nS0VJQ0FnSUQydkkyMmlnRRAB!2m1!1s0x0:0x3d70b37c81d98efd!3m1!1s2@1:CIHM0ogKEICAgID2vI22igE%7C%7C?hl=id","Harap antri sebelum naik busway, kalau tidak punya kartu busway, bisa beli karcis buswaynya sama bapak2 yg jualan cangcimen d sekitar halte busway, tapi harganya 5 ribu, aku aja pernah"
"Halte trans jakarta","https://www.google.com/maps/search/?api=1&query=Halte%20trans%20jakarta&query_place_id=ChIJWbUaCB3taS4R_Y7ZgXyzcD0","3","Harlan Eka Ch","https://www.google.com/maps/reviews/data=!4m8!14m7!1m6!2m5!1sChdDSUhNMG9nS0VJQ0FnSUN1aWRpbnRBRRAB!2m1!1s0x0:0x3d70b37c81d98efd!3m1!1s2@1:CIHM0ogKEICAgICuidintAE%7C%7C?hl=id","Kadang terkesan berantakan apalagi jika banyak antrian busway dsini... Dan infonya busway hanya ada di hari kerja..."
"Halte trans jakarta","https://www.google.com/maps/search/?api=1&query=Halte%20trans%20jakarta&query_place_id=ChIJWbUaCB3taS4R_Y7ZgXyzcD0","3","farras mufida kamila","https://www.google.com/maps/reviews/data=!4m8!14m7!1m6!2m5!1sChZDSUhNMG9nS0VJQ0FnSUQyenBfQlhnEAE!2m1!1s0x0:0x3d70b37c81d98efd!3m1!1s2@1:CIHM0ogKEICAgID2zp_BXg%7C%7C?hl=id","Utk sekelas halte transit aja sih oke lah...tapi kalo utk lama2 nunggu jangan deh....AC nya bener2 dari alam doang alias Angin Cepoi2😁😁"
"Halte trans jakarta","https://www.google.com/maps/search/?api=1&query=Halte%20trans%20jakarta&query_place_id=ChIJWbUaCB3taS4R_Y7ZgXyzcD0","3","setio purwanto","https://www.google.com/maps/reviews/data=!4m8!14m7!1m6!2m5!1sChZDSUhNMG9nS0VJQ0FnSUNoMy1pbER3EAE!2m1!1s0x0:0x3d70b37c81d98efd!3m1!1s2@1:CIHM0ogKEICAgICh3-ilDw%7C%7C?hl=id","Kenapa nggak di bangun-bangun seperti halte trans jakarta di dalam kota yah... Jadi nggak kehujanan ketika nunggu/antri.."
"Halte trans jakarta","https://www.google.com/maps/search/?api=1&query=Halte%20trans%20jakarta&query_place_id=ChIJWbUaCB3taS4R_Y7ZgXyzcD0","3","Ridha F","https://www.google.com/maps/reviews/data=!4m8!14m7!1m6!2m5!1sChZDSUhNMG9nS0VJQ0FnSUNweV9US2VnEAE!2m1!1s0x0:0x3d70b37c81d98efd!3m1!1s2@1:CIHM0ogKEICAgICpy_TKeg%7C%7C?hl=id","halte kurang besar dengan jumlah penumpang banyak yang menggunakan TJ apalagi pagi hari"
"Halte trans jakarta","https://www.google.com/maps/search/?api=1&query=Halte%20trans%20jakarta&query_place_id=ChIJWbUaCB3taS4R_Y7ZgXyzcD0","3","Dian Sudirman","https://www.google.com/maps/reviews/data=!4m8!14m7!1m6!2m5!1sChdDSUhNMG9nS0VJQ0FnSUQtLXA3NDZRRRAB!2m1!1s0x0:0x3d70b37c81d98efd!3m1!1s2@1:CIHM0ogKEICAgID--p746QE%7C%7C?hl=id","Kurang nyaman, karena bukan khsuus halte seperti tempay lainnya.banyak kendaraan lain."
"Halte trans jakarta","https://www.google.com/maps/search/?api=1&query=Halte%20trans%20jakarta&query_place_id=ChIJWbUaCB3taS4R_Y7ZgXyzcD0","3","H HERRY SUGIANTO","https://www.google.com/maps/reviews/data=!4m8!14m7!1m6!2m5!1sChdDSUhNMG9nS0VJQ0FnSURCbWFDZnBRRRAB!2m1!1s0x0:0x3d70b37c81d98efd!3m1!1s2@1:CIHM0ogKEICAgIDBmaCfpQE%7C%7C?hl=id","Untuk Trans JKT ,sangat membantu ,hanya sayang knapa tdk di bangun Kolidor untuk bus way ."
"Halte trans jakarta","https://www.google.com/maps/search/?api=1&query=Halte%20trans%20jakarta&query_place_id=ChIJWbUaCB3taS4R_Y7ZgXyzcD0","3","Erwin Syamsi","https://www.google.com/maps/reviews/data=!4m8!14m7!1m6!2m5!1sChZDSUhNMG9nS0VJQ0FnSURKd2FHR0NnEAE!2m1!1s0x0:0x3d70b37c81d98efd!3m1!1s2@1:CIHM0ogKEICAgIDJwaGGCg%7C%7C?hl=id","Padatt kali pagi,biasanya naik yg ungu terbatas jam Kerjanya"
"Halte trans jakarta","https://www.google.com/maps/search/?api=1&query=Halte%20trans%20jakarta&query_place_id=ChIJWbUaCB3taS4R_Y7ZgXyzcD0","3","Damara Digdayanti","https://www.google.com/maps/reviews/data=!4m8!14m7!1m6!2m5!1sChZDSUhNMG9nS0VJQ0FnSUROME5xOWFBEAE!2m1!1s0x0:0x3d70b37c81d98efd!3m1!1s2@1:CIHM0ogKEICAgIDN0Nq9aA%7C%7C?hl=id","Biasa aja, ga bisa buat top up kartu emoney"
"Halte trans jakarta","https://www.google.com/maps/search/?api=1&query=Halte%20trans%20jakarta&query_place_id=ChIJWbUaCB3taS4R_Y7ZgXyzcD0","3","M. Irwan","https://www.google.com/maps/reviews/data=!4m8!14m7!1m6!2m5!1sChZDSUhNMG9nS0VJQ0FnSUR1eXNHUFJBEAE!2m1!1s0x0:0x3d70b37c81d98efd!3m1!1s2@1:CIHM0ogKEICAgIDuysGPRA%7C%7C?hl=id","Sayang route nya cuma satu ke BKN saja tdk ada ke sudirman atau thamrin langsung"
"Halte trans jakarta","https://www.google.com/maps/search/?api=1&query=Halte%20trans%20jakarta&query_place_id=ChIJWbUaCB3taS4R_Y7ZgXyzcD0","3","Fajar Muhamad Zamri","https://www.google.com/maps/reviews/data=!4m8!14m7!1m6!2m5!1sChdDSUhNMG9nS0VJQ0FnSUROeDcyVW1BRRAB!2m1!1s0x0:0x3d70b37c81d98efd!3m1!1s2@1:CIHM0ogKEICAgIDNx72UmAE%7C%7C?hl=id","Buswaynya sampe ke tengah jalan, bikin macet aja."
"Halte trans jakarta","https://www.google.com/maps/search/?api=1&query=Halte%20trans%20jakarta&query_place_id=ChIJWbUaCB3taS4R_Y7ZgXyzcD0","3","silvia natali","https://www.google.com/maps/reviews/data=!4m8!14m7!1m6!2m5!1sChdDSUhNMG9nS0VJQ0FnSUNSczZpZjR3RRAB!2m1!1s0x0:0x3d70b37c81d98efd!3m1!1s2@1:CIHM0ogKEICAgICRs6if4wE%7C%7C?hl=id","Makin ramai dan antrian semakin panjang namun ruang antrian terbatas."
"Halte trans jakarta","https://www.google.com/maps/search/?api=1&query=Halte%20trans%20jakarta&query_place_id=ChIJWbUaCB3taS4R_Y7ZgXyzcD0","3","Sutomo tomo","https://www.google.com/maps/reviews/data=!4m8!14m7!1m6!2m5!1sChZDSUhNMG9nS0VJQ0FnSURobDhPQk1BEAE!2m1!1s0x0:0x3d70b37c81d98efd!3m1!1s2@1:CIHM0ogKEICAgIDhl8OBMA%7C%7C?hl=id","Antrian panjang setiap jam kerja kantor"
"Halte trans jakarta","https://www.google.com/maps/search/?api=1&query=Halte%20trans%20jakarta&query_place_id=ChIJWbUaCB3taS4R_Y7ZgXyzcD0","3","Fendhy Tagolan","https://www.google.com/maps/reviews/data=!4m8!14m7!1m6!2m5!1sChZDSUhNMG9nS0VJQ0FnSUNPd1lmbldnEAE!2m1!1s0x0:0x3d70b37c81d98efd!3m1!1s2@1:CIHM0ogKEICAgICOwYfnWg%7C%7C?hl=id","kalau bisa hari libur juga tetap oprasional"
"Halte trans jakarta","https://www.google.com/maps/search/?api=1&query=Halte%20trans%20jakarta&query_place_id=ChIJWbUaCB3taS4R_Y7ZgXyzcD0","3","mydream videography","https://www.google.com/maps/reviews/data=!4m8!14m7!1m6!2m5!1sChZDSUhNMG9nS0VJQ0FnSUMyLUxYbkRBEAE!2m1!1s0x0:0x3d70b37c81d98efd!3m1!1s2@1:CIHM0ogKEICAgIC2-LXnDA%7C%7C?hl=id","Keliatannya masih berupa layanan kompromi ya?"
"Halte trans jakarta","https://www.google.com/maps/search/?api=1&query=Halte%20trans%20jakarta&query_place_id=ChIJWbUaCB3taS4R_Y7ZgXyzcD0","3","Ucok Sjafarudin","https://www.google.com/maps/reviews/data=!4m8!14m7!1m6!2m5!1sChZDSUhNMG9nS0VJQ0FnSURSalpYYUJREAE!2m1!1s0x0:0x3d70b37c81d98efd!3m1!1s2@1:CIHM0ogKEICAgIDRjZXaBQ%7C%7C?hl=id","Lumayan utk transiy"
"Halte trans jakarta","https://www.google.com/maps/search/?api=1&query=Halte%20trans%20jakarta&query_place_id=ChIJWbUaCB3taS4R_Y7ZgXyzcD0","3","Elect Gunawan","https://www.google.com/maps/reviews/data=!4m8!14m7!1m6!2m5!1sChdDSUhNMG9nS0VJQ0FnSURacHZ1TTlnRRAB!2m1!1s0x0:0x3d70b37c81d98efd!3m1!1s2@1:CIHM0ogKEICAgIDZpvuM9gE%7C%7C?hl=id","Tetap jaga kebersihan ya"
"Halte trans jakarta","https://www.google.com/maps/search/?api=1&query=Halte%20trans%20jakarta&query_place_id=ChIJWbUaCB3taS4R_Y7ZgXyzcD0","3","Mohamad Rifki","https://www.google.com/maps/reviews/data=!4m8!14m7!1m6!2m5!1sChdDSUhNMG9nS0VJQ0FnSUQtODhxWnRBRRAB!2m1!1s0x0:0x3d70b37c81d98efd!3m1!1s2@1:CIHM0ogKEICAgID-88qZtAE%7C%7C?hl=id","Tidak ada tempat duduk"
"Halte trans jakarta","https://www.google.com/maps/search/?api=1&query=Halte%20trans%20jakarta&query_place_id=ChIJWbUaCB3taS4R_Y7ZgXyzcD0","3","Hastamawan ali Wardhana","https://www.google.com/maps/reviews/data=!4m8!14m7!1m6!2m5!1sChZDSUhNMG9nS0VJQ0FnSURKZ2VUU2F3EAE!2m1!1s0x0:0x3d70b37c81d98efd!3m1!1s2@1:CIHM0ogKEICAgIDJgeTSaw%7C%7C?hl=id","Sudah lumayan tertib"
"Halte trans jakarta","https://www.google.com/maps/search/?api=1&query=Halte%20trans%20jakarta&query_place_id=ChIJWbUaCB3taS4R_Y7ZgXyzcD0","3","Nur Najiah","https://www.google.com/maps/reviews/data=!4m8!14m7!1m6!2m5!1sChZDSUhNMG9nS0VJQ0FnSURHM3FQVkxnEAE!2m1!1s0x0:0x3d70b37c81d98efd!3m1!1s2@1:CIHM0ogKEICAgIDG3qPVLg%7C%7C?hl=id","Ramai dan ramah.petugasnya"
"Halte trans jakarta","https://www.google.com/maps/search/?api=1&query=Halte%20trans%20jakarta&query_place_id=ChIJWbUaCB3taS4R_Y7ZgXyzcD0","3","Longginus Raja","https://www.google.com/maps/reviews/data=!4m8!14m7!1m6!2m5!1sChZDSUhNMG9nS0VJQ0FnSURGMVk3dkp3EAE!2m1!1s0x0:0x3d70b37c81d98efd!3m1!1s2@1:CIHM0ogKEICAgIDF1Y7vJw%7C%7C?hl=id","Bagus"
"Halte trans jakarta","https://www.google.com/maps/search/?api=1&query=Halte%20trans%20jakarta&query_place_id=ChIJWbUaCB3taS4R_Y7ZgXyzcD0","3","Kamal Ahmad","https://www.google.com/maps/reviews/data=!4m8!14m7!1m6!2m5!1sChZDSUhNMG9nS0VJQ0FnSURabXBxS0d3EAE!2m1!1s0x0:0x3d70b37c81d98efd!3m1!1s2@1:CIHM0ogKEICAgIDZmpqKGw%7C%7C?hl=id","Semrawut"
"Halte trans jakarta","https://www.google.com/maps/search/?api=1&query=Halte%20trans%20jakarta&query_place_id=ChIJWbUaCB3taS4R_Y7ZgXyzcD0","3","meita laksmiati","https://www.google.com/maps/reviews/data=!4m8!14m7!1m6!2m5!1sChZDSUhNMG9nS0VJQ0FnSUNKeFlQYUZREAE!2m1!1s0x0:0x3d70b37c81d98efd!3m1!1s2@1:CIHM0ogKEICAgICJxYPaFQ%7C%7C?hl=id","Fasilitas busway ke Jakarta"
"Halte trans jakarta","https://www.google.com/maps/search/?api=1&query=Halte%20trans%20jakarta&query_place_id=ChIJWbUaCB3taS4R_Y7ZgXyzcD0","3","Beatrix","https://www.google.com/maps/reviews/data=!4m8!14m7!1m6!2m5!1sChdDSUhNMG9nS0VJQ0FnSUQyck1YcTJBRRAB!2m1!1s0x0:0x3d70b37c81d98efd!3m1!1s2@1:CIHM0ogKEICAgID2rMXq2AE%7C%7C?hl=id","Weekdays only! Dunno why they don't operate during weekends"
"Halte trans jakarta","https://www.google.com/maps/search/?api=1&query=Halte%20trans%20jakarta&query_place_id=ChIJWbUaCB3taS4R_Y7ZgXyzcD0","3","Firman kurnia","https://www.google.com/maps/reviews/data=!4m8!14m7!1m6!2m5!1sChdDSUhNMG9nS0VJQ0FnSUNodHJuaXpBRRAB!2m1!1s0x0:0x3d70b37c81d98efd!3m1!1s2@1:CIHM0ogKEICAgIChtrnizAE%7C%7C?hl=id","Sumpeg"
"Halte trans jakarta","https://www.google.com/maps/search/?api=1&query=Halte%20trans%20jakarta&query_place_id=ChIJWbUaCB3taS4R_Y7ZgXyzcD0","3","Spencer McGill","https://www.google.com/maps/reviews/data=!4m8!14m7!1m6!2m5!1sChZDSUhNMG9nS0VJQ0FnSUN1OE5YRlJREAE!2m1!1s0x0:0x3d70b37c81d98efd!3m1!1s2@1:CIHM0ogKEICAgICu8NXFRQ%7C%7C?hl=id","Dirty crowded"
"Halte trans jakarta","https://www.google.com/maps/search/?api=1&query=Halte%20trans%20jakarta&query_place_id=ChIJWbUaCB3taS4R_Y7ZgXyzcD0","3","Tommy Prio Utomo","https://www.google.com/maps/reviews/data=!4m8!14m7!1m6!2m5!1sChZDSUhNMG9nS0VJQ0FnSUQ3bC0yUER3EAE!2m1!1s0x0:0x3d70b37c81d98efd!3m1!1s2@1:CIHM0ogKEICAgID7l-2PDw%7C%7C?hl=id",
"Halte trans jakarta","https://www.google.com/maps/search/?api=1&query=Halte%20trans%20jakarta&query_place_id=ChIJWbUaCB3taS4R_Y7ZgXyzcD0","3","yoyon221","https://www.google.com/maps/reviews/data=!4m8!14m7!1m6!2m5!1sChZDSUhNMG9nS0VJQ0FnSURUNE52eVdBEAE!2m1!1s0x0:0x3d70b37c81d98efd!3m1!1s2@1:CIHM0ogKEICAgIDT4NvyWA%7C%7C?hl=id",
"Halte trans jakarta","https://www.google.com/maps/search/?api=1&query=Halte%20trans%20jakarta&query_place_id=ChIJWbUaCB3taS4R_Y7ZgXyzcD0","3","Boy Indra Gunawan","https://www.google.com/maps/reviews/data=!4m8!14m7!1m6!2m5!1sChZDSUhNMG9nS0VJQ0FnSUROc3JmOUNBEAE!2m1!1s0x0:0x3d70b37c81d98efd!3m1!1s2@1:CIHM0ogKEICAgIDNsrf9CA%7C%7C?hl=id",
"Halte trans jakarta","https://www.google.com/maps/search/?api=1&query=Halte%20trans%20jakarta&query_place_id=ChIJWbUaCB3taS4R_Y7ZgXyzcD0","3","Rafif","https://www.google.com/maps/reviews/data=!4m8!14m7!1m6!2m5!1sChdDSUhNMG9nS0VJQ0FnSUNsNjlHcHJ3RRAB!2m1!1s0x0:0x3d70b37c81d98efd!3m1!1s2@1:CIHM0ogKEICAgICl69GprwE%7C%7C?hl=id",
"Halte trans jakarta","https://www.google.com/maps/search/?api=1&query=Halte%20trans%20jakarta&query_place_id=ChIJWbUaCB3taS4R_Y7ZgXyzcD0","3","Agus Kurniawan","https://www.google.com/maps/reviews/data=!4m8!14m7!1m6!2m5!1sChZDSUhNMG9nS0VJQ0FnSUNsZy1mWlV3EAE!2m1!1s0x0:0x3d70b37c81d98efd!3m1!1s2@1:CIHM0ogKEICAgIClg-fZUw%7C%7C?hl=id",
"Halte trans jakarta","https://www.google.com/maps/search/?api=1&query=Halte%20trans%20jakarta&query_place_id=ChIJWbUaCB3taS4R_Y7ZgXyzcD0","3","POER Satriohadi","https://www.google.com/maps/reviews/data=!4m8!14m7!1m6!2m5!1sChdDSUhNMG9nS0VJQ0FnSURaLU95MnBnRRAB!2m1!1s0x0:0x3d70b37c81d98efd!3m1!1s2@1:CIHM0ogKEICAgIDZ-Oy2pgE%7C%7C?hl=id",
"Halte trans jakarta","https://www.google.com/maps/search/?api=1&query=Halte%20trans%20jakarta&query_place_id=ChIJWbUaCB3taS4R_Y7ZgXyzcD0","3","Anogi Akbar Ali","https://www.google.com/maps/reviews/data=!4m8!14m7!1m6!2m5!1sChZDSUhNMG9nS0VJQ0FnSUR4M3RQMVR3EAE!2m1!1s0x0:0x3d70b37c81d98efd!3m1!1s2@1:CIHM0ogKEICAgIDx3tP1Tw%7C%7C?hl=id",
"Halte trans jakarta","https://www.google.com/maps/search/?api=1&query=Halte%20trans%20jakarta&query_place_id=ChIJWbUaCB3taS4R_Y7ZgXyzcD0","3","Agus Syahbudin","https://www.google.com/maps/reviews/data=!4m8!14m7!1m6!2m5!1sChdDSUhNMG9nS0VJQ0FnSUR4OXJXWTVnRRAB!2m1!1s0x0:0x3d70b37c81d98efd!3m1!1s2@1:CIHM0ogKEICAgIDx9rWY5gE%7C%7C?hl=id",
"Halte trans jakarta","https://www.google.com/maps/search/?api=1&query=Halte%20trans%20jakarta&query_place_id=ChIJWbUaCB3taS4R_Y7ZgXyzcD0","3","D Hardjanto","https://www.google.com/maps/reviews/data=!4m8!14m7!1m6!2m5!1sChZDSUhNMG9nS0VJQ0FnSUN4bXJ6ZmZBEAE!2m1!1s0x0:0x3d70b37c81d98efd!3m1!1s2@1:CIHM0ogKEICAgICxmrzffA%7C%7C?hl=id",
"Halte trans jakarta","https://www.google.com/maps/search/?api=1&query=Halte%20trans%20jakarta&query_place_id=ChIJWbUaCB3taS4R_Y7ZgXyzcD0","3","Kristina Paula","https://www.google.com/maps/reviews/data=!4m8!14m7!1m6!2m5!1sChZDSUhNMG9nS0VJQ0FnSURCLUtXbkp3EAE!2m1!1s0x0:0x3d70b37c81d98efd!3m1!1s2@1:CIHM0ogKEICAgIDB-KWnJw%7C%7C?hl=id",
"Halte trans jakarta","https://www.google.com/maps/search/?api=1&query=Halte%20trans%20jakarta&query_place_id=ChIJWbUaCB3taS4R_Y7ZgXyzcD0","3","rifki maspik","https://www.google.com/maps/reviews/data=!4m8!14m7!1m6!2m5!1sChdDSUhNMG9nS0VJQ0FnSUQtM2R1c3NnRRAB!2m1!1s0x0:0x3d70b37c81d98efd!3m1!1s2@1:CIHM0ogKEICAgID-3dussgE%7C%7C?hl=id",
"Halte trans jakarta","https://www.google.com/maps/search/?api=1&query=Halte%20trans%20jakarta&query_place_id=ChIJWbUaCB3taS4R_Y7ZgXyzcD0","3","AT TAUFIK","https://www.google.com/maps/reviews/data=!4m8!14m7!1m6!2m5!1sChZDSUhNMG9nS0VJQ0FnSUQtcFpyWkZREAE!2m1!1s0x0:0x3d70b37c81d98efd!3m1!1s2@1:CIHM0ogKEICAgID-pZrZFQ%7C%7C?hl=id","Ok"
"Halte trans jakarta","https://www.google.com/maps/search/?api=1&query=Halte%20trans%20jakarta&query_place_id=ChIJWbUaCB3taS4R_Y7ZgXyzcD0","3","Elih Resmiati","https://www.google.com/maps/reviews/data=!4m8!14m7!1m6!2m5!1sChdDSUhNMG9nS0VJQ0FnSUNlNjRpQXRBRRAB!2m1!1s0x0:0x3d70b37c81d98efd!3m1!1s2@1:CIHM0ogKEICAgICe64iAtAE%7C%7C?hl=id",
"Halte trans jakarta","https://www.google.com/maps/search/?api=1&query=Halte%20trans%20jakarta&query_place_id=ChIJWbUaCB3taS4R_Y7ZgXyzcD0","3","Andika Ika","https://www.google.com/maps/reviews/data=!4m8!14m7!1m6!2m5!1sChdDSUhNMG9nS0VJQ0FnSUNlalozUDZBRRAB!2m1!1s0x0:0x3d70b37c81d98efd!3m1!1s2@1:CIHM0ogKEICAgICejZ3P6AE%7C%7C?hl=id",
"Seskoal","https://www.google.com/maps/search/?api=1&query=Seskoal&query_place_id=ChIJA01QDSDxaS4RGqzLL2oTXoY","1","Shanas Diah Amelia","https://www.google.com/maps/reviews/data=!4m8!14m7!1m6!2m5!1sChdDSUhNMG9nS0VJQ0FnSURIbmRQcW53RRAB!2m1!1s0x0:0x865e136a2fcbac1a!3m1!1s2@1:CIHM0ogKEICAgIDHndPqnwE%7C%7C?hl=id","Nih top up mandiri gak bisa apa gjlas! banget si kemaren kemaren bisa top up mandiri sekarang gak bisa top up uang mandiri saya mau kerja mau buru buru jadi susah!!"
"Seskoal","https://www.google.com/maps/search/?api=1&query=Seskoal&query_place_id=ChIJA01QDSDxaS4RGqzLL2oTXoY","1","Dani Wardani","https://www.google.com/maps/reviews/data=!4m8!14m7!1m6!2m5!1sChZDSUhNMG9nS0VJQ0FnSUM5ZzZlOVl3EAE!2m1!1s0x0:0x865e136a2fcbac1a!3m1!1s2@1:CIHM0ogKEICAgIC9g6e9Yw%7C%7C?hl=id","Tolong dong petugas ny yg cewe ibu2 jangan sok paling petugas sy menanya perihal pengisian malah responny GK bgus kaya tai pelayanan ny"
"Seskoal","https://www.google.com/maps/search/?api=1&query=Seskoal&query_place_id=ChIJA01QDSDxaS4RGqzLL2oTXoY","3","Probo Warsito","https://www.google.com/maps/reviews/data=!4m8!14m7!1m6!2m5!1sChdDSUhNMG9nS0VJQ0FnSURjMXJPUTZBRRAB!2m1!1s0x0:0x865e136a2fcbac1a!3m1!1s2@1:CIHM0ogKEICAgIDc1rOQ6AE%7C%7C?hl=id","Halte nya bagus, panjang dan cukup luas. Di halte ini sudah ada toilet nya. Sayang nya halte nya belum ada lift nya, jadi agak capek klo mau naik turun tangga. Angin nya cukup kencang disini. Bisa top up saldo juga disini. Untuk kesini selain bisa naik kendaraan pribadi dan ojek online, bisa juga naik angkutan umum seperti C01 jurusan Kebayoran Lama - Ciledug, S06 jurusan Ceger - Taman Puring, C05 jurusan Ceger - Kebayoran Lama, S07 jurusan Cipadu - Kebayoran Lama, Metro Mini S69 jurusan Ciledug - Blok M, Patas AC 73 jurusan Kp.Rambutan - Ciledug, TransJakarta koridor 13 rute Blok M - Ciledug, turun di Halte CBD Ciledug."
"Seskoal","https://www.google.com/maps/search/?api=1&query=Seskoal&query_place_id=ChIJA01QDSDxaS4RGqzLL2oTXoY","3","Salimun Aja","https://www.google.com/maps/reviews/data=!4m8!14m7!1m6!2m5!1sChdDSUhNMG9nS0VJQ0FnSUNnX3FPNTBBRRAB!2m1!1s0x0:0x865e136a2fcbac1a!3m1!1s2@1:CIHM0ogKEICAgICg_qO50AE%7C%7C?hl=id",
"Seskoal","https://www.google.com/maps/search/?api=1&query=Seskoal&query_place_id=ChIJA01QDSDxaS4RGqzLL2oTXoY","4","T Santoso","https://www.google.com/maps/reviews/data=!4m8!14m7!1m6!2m5!1sChZDSUhNMG9nS0VJQ0FnSUQ5d3VMdlJREAE!2m1!1s0x0:0x865e136a2fcbac1a!3m1!1s2@1:CIHM0ogKEICAgID9wuLvRQ%7C%7C?hl=id","Sekolah perwira untuk mencetak jenderal angkatan laut"
"Seskoal","https://www.google.com/maps/search/?api=1&query=Seskoal&query_place_id=ChIJA01QDSDxaS4RGqzLL2oTXoY","4","adjie ahmad st","https://www.google.com/maps/reviews/data=!4m8!14m7!1m6!2m5!1sChdDSUhNMG9nS0VJQ0FnSUNacjh2MDRnRRAB!2m1!1s0x0:0x865e136a2fcbac1a!3m1!1s2@1:CIHM0ogKEICAgICZr8v04gE%7C%7C?hl=id","Jalur Langit........."
"Seskoal","https://www.google.com/maps/search/?api=1&query=Seskoal&query_place_id=ChIJA01QDSDxaS4RGqzLL2oTXoY","4","Chandra Gemilang","https://www.google.com/maps/reviews/data=!4m8!14m7!1m6!2m5!1sChZDSUhNMG9nS0VJQ0FnSUNCejRHaU1REAE!2m1!1s0x0:0x865e136a2fcbac1a!3m1!1s2@1:CIHM0ogKEICAgICBz4GiMQ%7C%7C?hl=id",
"Seskoal","https://www.google.com/maps/search/?api=1&query=Seskoal&query_place_id=ChIJA01QDSDxaS4RGqzLL2oTXoY","4","Zaenal Arifin","https://www.google.com/maps/reviews/data=!4m8!14m7!1m6!2m5!1sChdDSUhNMG9nS0VJQ0FnSUR5MmJtRmlRRRAB!2m1!1s0x0:0x865e136a2fcbac1a!3m1!1s2@1:CIHM0ogKEICAgIDy2bmFiQE%7C%7C?hl=id",
"Seskoal","https://www.google.com/maps/search/?api=1&query=Seskoal&query_place_id=ChIJA01QDSDxaS4RGqzLL2oTXoY","5","Rininta Rachmanda","https://www.google.com/maps/reviews/data=!4m8!14m7!1m6!2m5!1sChZDSUhNMG9nS0VJQ0FnTURRdWNPd1ZnEAE!2m1!1s0x0:0x865e136a2fcbac1a!3m1!1s2@1:CIHM0ogKEICAgMDQucOwVg%7C%7C?hl=id","halte paling dekat sama kantorku. disini ada toilet yang cukup bersih. beberapa minggu kemarin ada perubahan pada gate yang bikin bingung penumpang + supir bus juga masih bingung. yang bikin proses naik atau turun bus jadi terhambat. naik tangga nya lumayan sempit, jadi mesti bergantian sama penumpang naik/turun. tapi kalo lagi buru2 bisa nyelip2. di bawah halte ada bus stop yang melayani jaklingko & minitrans. dekat sama indomaret juga jadi mudah buat jajan kalo haus/lapar. wkwk"
"Seskoal","https://www.google.com/maps/search/?api=1&query=Seskoal&query_place_id=ChIJA01QDSDxaS4RGqzLL2oTXoY","5","Firda Dewi","https://www.google.com/maps/reviews/data=!4m8!14m7!1m6!2m5!1sChZDSUhNMG9nS0VJQ0FnSUQ3NXJyS1pBEAE!2m1!1s0x0:0x865e136a2fcbac1a!3m1!1s2@1:CIHM0ogKEICAgID75rrKZA%7C%7C?hl=id","Halte jalur langit yg tangganya bikin ngos-ngosan apalg untuk ibu2 yg sudah berumur tidak disarankan naik dari halte ini, untuk pramusapa atas nama victor menjalankan tugasnya dgn baik selalu mengusahakan penumpang masuk apalg untuk yg bagian dpn khusus perempuan itu kadang masih ada space tp pada gak mau maju. Pramusapa victor ini tegas untuk mengatur penumpang dan akhirnya nurut. Sayangnya disini cuma ada 1 pramusapa, kirain setiap halte minimal 2 org.

Semoga dibikin eskalator kyk di velbak"
"Seskoal","https://www.google.com/maps/search/?api=1&query=Seskoal&query_place_id=ChIJA01QDSDxaS4RGqzLL2oTXoY","5","Bengkel Las Maju Jaya","https://www.google.com/maps/reviews/data=!4m8!14m7!1m6!2m5!1sChdDSUhNMG9nS0VJQ0FnTUNvaGZtaWdnRRAB!2m1!1s0x0:0x865e136a2fcbac1a!3m1!1s2@1:CIHM0ogKEICAgMCohfmiggE%7C%7C?hl=id","Ya Gitu Deh"
"Seskoal","https://www.google.com/maps/search/?api=1&query=Seskoal&query_place_id=ChIJA01QDSDxaS4RGqzLL2oTXoY","5","shafa azzahra camila","https://www.google.com/maps/reviews/data=!4m8!14m7!1m6!2m5!1sChdDSUhNMG9nS0VJQ0FnSUMwcU4zUTFnRRAB!2m1!1s0x0:0x865e136a2fcbac1a!3m1!1s2@1:CIHM0ogKEICAgIC0qN3Q1gE%7C%7C?hl=id","tempat strategis, keluar jalan ketemu halte busway, mall gandaria lurus dikit pim gut place"
"Seskoal","https://www.google.com/maps/search/?api=1&query=Seskoal&query_place_id=ChIJA01QDSDxaS4RGqzLL2oTXoY","5","Nisfi Khairan","https://www.google.com/maps/reviews/data=!4m8!14m7!1m6!2m5!1sChZDSUhNMG9nS0VJQ0FnSUN0OU5iM1JBEAE!2m1!1s0x0:0x865e136a2fcbac1a!3m1!1s2@1:CIHM0ogKEICAgICt9Nb3RA%7C%7C?hl=id","View pulang kerja di halte busway😍"
"Seskoal","https://www.google.com/maps/search/?api=1&query=Seskoal&query_place_id=ChIJA01QDSDxaS4RGqzLL2oTXoY","5","van van","https://www.google.com/maps/reviews/data=!4m8!14m7!1m6!2m5!1sChZDSUhNMG9nS0VJQ0FnSUNScVlhbEFREAE!2m1!1s0x0:0x865e136a2fcbac1a!3m1!1s2@1:CIHM0ogKEICAgICRqYalAQ%7C%7C?hl=id","Giid"
"Seskoal","https://www.google.com/maps/search/?api=1&query=Seskoal&query_place_id=ChIJA01QDSDxaS4RGqzLL2oTXoY","5","Andi Afriansyah Mochammad","https://www.google.com/maps/reviews/data=!4m8!14m7!1m6!2m5!1sChdDSUhNMG9nS0VJQ0FnSURvNDZLaTJRRRAB!2m1!1s0x0:0x865e136a2fcbac1a!3m1!1s2@1:CIHM0ogKEICAgIDo46Ki2QE%7C%7C?hl=id","great view"
"Seskoal","https://www.google.com/maps/search/?api=1&query=Seskoal&query_place_id=ChIJA01QDSDxaS4RGqzLL2oTXoY","5","Jack sipahutar","https://www.google.com/maps/reviews/data=!4m8!14m7!1m6!2m5!1sChZDSUhNMG9nS0VJQ0FnSUN1LXFfbEFREAE!2m1!1s0x0:0x865e136a2fcbac1a!3m1!1s2@1:CIHM0ogKEICAgICu-q_lAQ%7C%7C?hl=id",
"Seskoal","https://www.google.com/maps/search/?api=1&query=Seskoal&query_place_id=ChIJA01QDSDxaS4RGqzLL2oTXoY","5","Deirus Rizki Khair","https://www.google.com/maps/reviews/data=!4m8!14m7!1m6!2m5!1sChZDSUhNMG9nS0VJQ0FnSUQwby1mbEl3EAE!2m1!1s0x0:0x865e136a2fcbac1a!3m1!1s2@1:CIHM0ogKEICAgID0o-flIw%7C%7C?hl=id",
"Seskoal","https://www.google.com/maps/search/?api=1&query=Seskoal&query_place_id=ChIJA01QDSDxaS4RGqzLL2oTXoY","5","Yosua Agusta","https://www.google.com/maps/reviews/data=!4m8!14m7!1m6!2m5!1sChdDSUhNMG9nS0VJQ0FnSURBdzVpbmxnRRAB!2m1!1s0x0:0x865e136a2fcbac1a!3m1!1s2@1:CIHM0ogKEICAgIDAw5inlgE%7C%7C?hl=id",
"Halte Busway Penjaringan","https://www.google.com/maps/search/?api=1&query=Halte%20Busway%20Penjaringan&query_place_id=ChIJH6Vb8ZIdai4RX72CAVPboQE","1","wira dharma","https://www.google.com/maps/reviews/data=!4m8!14m7!1m6!2m5!1sCi9DQUlRQUNvZENodHljRjlvT25VelZIaHdSVGxwWms5UVFsRm9hMFkwYjFaNloyYxAB!2m1!1s0x0:0x1a1db530182bd5f!3m1!1s2@1:CAIQACodChtycF9oOnUzVHhwRTlpZk9QQlFoa0Y0b1Z6Z2c%7C%7C?hl=id","pelayanan buruk ada orang kesusahan top up karna offline semua, dia santai aja gaada bantuan nya, parah gak niat kerjanya😬"
"Halte Busway Penjaringan","https://www.google.com/maps/search/?api=1&query=Halte%20Busway%20Penjaringan&query_place_id=ChIJH6Vb8ZIdai4RX72CAVPboQE","1","Henrik Simamora","https://www.google.com/maps/reviews/data=!4m8!14m7!1m6!2m5!1sChdDSUhNMG9nS0VKbnAwTks3MnJTTXp3RRAB!2m1!1s0x0:0x1a1db530182bd5f!3m1!1s2@1:CIHM0ogKEJnp0NK72rSMzwE%7C%7C?hl=id","Sungguh tidak menyenangkan. Mesin untuk membeli saldo di penjaringan sudah harus diperbaiki. Ketika teman saya mengisi saldonya dengan uang cash bisa berjalan dengan baik. Tapi, pada saat saya mencoba untuk mengisi saldo saya, uang saya diambil tapi saldo saya tidak terisi. Pas ditanya ke petugasnya ada masalah seperti itu, petugas nya menjawab uangnya akan di TF 1 Minggu kerja. Tapi, sampai sekarang belum di transfer. Ada apa ini bukannya dibuat untuk membantu masyarakat ? Kalau ginima lebih baik naik grab tong harganya sama. Dan jika terjadi kepada orang lain wahhhh itu pasti akan menjadi untung besar juga bagi mereka. Saya membuat ulasan ini bukan untuk menjatuhkan. Tapi, mesin nya supanya di perbaiki saja agar tidak terjadi masalah seperti ini lagi kepada orang lain. 100 orang  x  20.000 udah berapa tuh?"
"Halte Busway Penjaringan","https://www.google.com/maps/search/?api=1&query=Halte%20Busway%20Penjaringan&query_place_id=ChIJH6Vb8ZIdai4RX72CAVPboQE","1","DEDEH NURHIDAYAH","https://www.google.com/maps/reviews/data=!4m8!14m7!1m6!2m5!1sCi9DQUlRQUNvZENodHljRjlvT21WdFdFVjRUVEZEUkVoNU0zQnZSMHhQUzI1S2FVRRAB!2m1!1s0x0:0x1a1db530182bd5f!3m1!1s2@1:CAIQACodChtycF9oOmVtWEV4TTFDREh5M3BvR0xPS25KaUE%7C%7C?hl=id","gabisa terus buat isi saldo di mesin, tolong di perbaiki ga sekali dua kali kaya gini kasian mengguna transportasi umum transjakarta gini.

tanya ke petugasnya kaya orang ga seneng di tanya"
"Halte Busway Penjaringan","https://www.google.com/maps/search/?api=1&query=Halte%20Busway%20Penjaringan&query_place_id=ChIJH6Vb8ZIdai4RX72CAVPboQE","1","andre coverage","https://www.google.com/maps/reviews/data=!4m8!14m7!1m6!2m5!1sChZDSUhNMG9nS0VJQ0FnTUNRdWU3N0lBEAE!2m1!1s0x0:0x1a1db530182bd5f!3m1!1s2@1:CIHM0ogKEICAgMCQue77IA%7C%7C?hl=id","Halte nya penuh sekali kalau pagi.apalagi petugasnya.kalau penuh buka aja pintu manual biar orang yg mau keluar,ngak antri.kartu otomatisnya kalau ngak tapout ngak kepotong saldo.kalau mau tap in lagi kartu kepotong.kalau bisa yang ke arah pantai maju transitnya di pindah kehalte Pluit.
Biar dihalte penjaringan ngak penuh sesak"
"Halte Busway Penjaringan","https://www.google.com/maps/search/?api=1&query=Halte%20Busway%20Penjaringan&query_place_id=ChIJH6Vb8ZIdai4RX72CAVPboQE","1","Tumiyati Tumiyati","https://www.google.com/maps/reviews/data=!4m8!14m7!1m6!2m5!1sChdDSUhNMG9nS0VJQ0FnSUNKNjczQ2lBRRAB!2m1!1s0x0:0x1a1db530182bd5f!3m1!1s2@1:CIHM0ogKEICAgICJ673CiAE%7C%7C?hl=id","Petugas penjaganya dihalte Penjaringan ini kadang suka Keasyikan Maen HP entah cowok maupun cewe tolong ditindak dong demi Pelayanan yang lebih baik.Terima kasih!!!"
"Halte Busway Penjaringan","https://www.google.com/maps/search/?api=1&query=Halte%20Busway%20Penjaringan&query_place_id=ChIJH6Vb8ZIdai4RX72CAVPboQE","1","Si Aceng","https://www.google.com/maps/reviews/data=!4m8!14m7!1m6!2m5!1sChZDSUhNMG9nS0VJQ0FnTUNBbTdiaVJnEAE!2m1!1s0x0:0x1a1db530182bd5f!3m1!1s2@1:CIHM0ogKEICAgMCAm7biRg%7C%7C?hl=id","Bus stop taman makam wijaya kusuma 20:37.
Udh lama nunggu Bus 3D mau ke penjaringan malah ga berhenti busnya. Ngantuk yah pir. Sp aja tuh supir nya"
"Halte Busway Penjaringan","https://www.google.com/maps/search/?api=1&query=Halte%20Busway%20Penjaringan&query_place_id=ChIJH6Vb8ZIdai4RX72CAVPboQE","1","Inda Natalia","https://www.google.com/maps/reviews/data=!4m8!14m7!1m6!2m5!1sCi9DQUlRQUNvZENodHljRjlvT2twMFNFUlNRbGw2V2tORlRtVlNRMFJFVlV4cmQyYxAB!2m1!1s0x0:0x1a1db530182bd5f!3m1!1s2@1:CAIQACodChtycF9oOkp0SERSQll6WkNFTmVSQ0REVUxrd2c%7C%7C?hl=id","Ga bener mesinnya. Saldo uda kepotong tpi gak masuk."
"Halte Busway Penjaringan","https://www.google.com/maps/search/?api=1&query=Halte%20Busway%20Penjaringan&query_place_id=ChIJH6Vb8ZIdai4RX72CAVPboQE","1","Siemfua Wawa","https://www.google.com/maps/reviews/data=!4m8!14m7!1m6!2m5!1sChdDSUhNMG9nS0VJQ0FnTURnZzlMS2hBRRAB!2m1!1s0x0:0x1a1db530182bd5f!3m1!1s2@1:CIHM0ogKEICAgMDgg9LKhAE%7C%7C?hl=id","Jelek krg strategis ,jlnannya sepi ,rusak dn supir yg bw busway rata2 dijln pd ngebut"
"Halte Busway Penjaringan","https://www.google.com/maps/search/?api=1&query=Halte%20Busway%20Penjaringan&query_place_id=ChIJH6Vb8ZIdai4RX72CAVPboQE","1","Jemmy Prandota","https://www.google.com/maps/reviews/data=!4m8!14m7!1m6!2m5!1sChdDSUhNMG9nS0VJQ0FnSUMzbXR5RXBnRRAB!2m1!1s0x0:0x1a1db530182bd5f!3m1!1s2@1:CIHM0ogKEICAgIC3mtyEpgE%7C%7C?hl=id","Pelayanan buat tujuan dari panjaringan ke tanjung periok selalu lebih dari 30 menit kalau malam

Malah malam ini hari 5 November 2024

Bus udah sampai dari jam 01.35 sampai jam 02.30 belum juga ada pemberangkatan bus lagi, Dan admin nya asik tidur dan scrool HP Di dalam office

Miris banget sama pelayanan Transjakarta sekarang yang Ke pinang Ranti, gak kayak Pelayanan Transjakarta yang Tujuan Lebak Bulus Pasar Minggu Yang selalu Ontime"
"Halte Busway Penjaringan","https://www.google.com/maps/search/?api=1&query=Halte%20Busway%20Penjaringan&query_place_id=ChIJH6Vb8ZIdai4RX72CAVPboQE","1","Gio Hardaya","https://www.google.com/maps/reviews/data=!4m8!14m7!1m6!2m5!1sChZDSUhNMG9nS0VJQ0FnSURIOHBTdEVnEAE!2m1!1s0x0:0x1a1db530182bd5f!3m1!1s2@1:CIHM0ogKEICAgIDH8pStEg%7C%7C?hl=id","salah satu penyeselan gw adalah menggunakan bus transjakarta apa lagi ke arah pantai maju bisa 40 menit buat nunggu baswey nya dateng doang."
"Halte Busway Penjaringan","https://www.google.com/maps/search/?api=1&query=Halte%20Busway%20Penjaringan&query_place_id=ChIJH6Vb8ZIdai4RX72CAVPboQE","1","NANANG KHOIRON SUBCHI (Subky)","https://www.google.com/maps/reviews/data=!4m8!14m7!1m6!2m5!1sChdDSUhNMG9nS0VJQ0FnTUNBMDRDR25RRRAB!2m1!1s0x0:0x1a1db530182bd5f!3m1!1s2@1:CIHM0ogKEICAgMCA04CGnQE%7C%7C?hl=id","Kalo pagi tolong dong 1A diperbanyak. Udah dateng lama, dikit lagi bus nya."
"Halte Busway Penjaringan","https://www.google.com/maps/search/?api=1&query=Halte%20Busway%20Penjaringan&query_place_id=ChIJH6Vb8ZIdai4RX72CAVPboQE","1","alif rmdhn12","https://www.google.com/maps/reviews/data=!4m8!14m7!1m6!2m5!1sChZDSUhNMG9nS0VQMzcxX2Jyc3EzOUl3EAE!2m1!1s0x0:0x1a1db530182bd5f!3m1!1s2@1:CIHM0ogKEP371_brsq39Iw%7C%7C?hl=id","halte kotor bangett sering bau kotoran hewan"
"Halte Busway Penjaringan","https://www.google.com/maps/search/?api=1&query=Halte%20Busway%20Penjaringan&query_place_id=ChIJH6Vb8ZIdai4RX72CAVPboQE","1","Ochary Shop","https://www.google.com/maps/reviews/data=!4m8!14m7!1m6!2m5!1sChZDSUhNMG9nS0VJQ0FnSUN4dk9xSWRBEAE!2m1!1s0x0:0x1a1db530182bd5f!3m1!1s2@1:CIHM0ogKEICAgICxvOqIdA%7C%7C?hl=id","Petugasnya songong. Penumpang udah rame tujuan Sunter. Malah asik ngobrol. Padahal dibelakang ada bus yg ngetem. Ditanya ke petugas mana cuma diem aja
dicuekin. Diteriaki baru jawab dengan songong ""bis baru berangkat tadi"" padahal udah nunggu 15menit ga maju-maju jugaa. Sampai datang 2 bis lagi baru maju dr blkg. percuma ada petugas tp ga bisa mengatur.habis waktu menunggu akhirnya terlambat kerja."
"Halte Busway Penjaringan","https://www.google.com/maps/search/?api=1&query=Halte%20Busway%20Penjaringan&query_place_id=ChIJH6Vb8ZIdai4RX72CAVPboQE","1","Willy Kurniaman Lase","https://www.google.com/maps/reviews/data=!4m8!14m7!1m6!2m5!1sChZDSUhNMG9nS0VJQ0FnSUQ1aDVhWExREAE!2m1!1s0x0:0x1a1db530182bd5f!3m1!1s2@1:CIHM0ogKEICAgID5h5aXLQ%7C%7C?hl=id","Halte ini sudah saatnya direvitalisasi dan diperbesar. Banyak pengguna yang transit disini dan bikin halte membludak dan sering membuat desakan antar pengguna. Apalagi koridor 1A"
"Halte Busway Penjaringan","https://www.google.com/maps/search/?api=1&query=Halte%20Busway%20Penjaringan&query_place_id=ChIJH6Vb8ZIdai4RX72CAVPboQE","1","Arcinta Eunike","https://www.google.com/maps/reviews/data=!4m8!14m7!1m6!2m5!1sChdDSUhNMG9nS0VJQ0FnSURaMXRHLTBRRRAB!2m1!1s0x0:0x1a1db530182bd5f!3m1!1s2@1:CIHM0ogKEICAgIDZ1tG-0QE%7C%7C?hl=id","Fasilitas untuk charge station aja di pake untuk fasilitas karyawan pribadi, padahal ini halte yg ramai terus, dan makan waktu lama untuk nunggu masa charge station 1 atau 2 aja di hak milik karyawan juga, judes2 pula"
"Halte Busway Penjaringan","https://www.google.com/maps/search/?api=1&query=Halte%20Busway%20Penjaringan&query_place_id=ChIJH6Vb8ZIdai4RX72CAVPboQE","1","vian 90","https://www.google.com/maps/reviews/data=!4m8!14m7!1m6!2m5!1sChdDSUhNMG9nS0VJQ0FnSUMtNjlpN3NBRRAB!2m1!1s0x0:0x1a1db530182bd5f!3m1!1s2@1:CIHM0ogKEICAgIC-69i7sAE%7C%7C?hl=id","Petugas didalam ga ad yg ramah nanyain tujuan ke sana jalur nya dimana jawabnya cuek ogah2an, kdg sy mkir heran apa memang petugas dijkt smua bgtu karna pas sampai di kota petugasnya juga sama angkuh,tidak ramah, galak. Apakah tidak di sekolahin dl ya?"
"Halte Busway Penjaringan","https://www.google.com/maps/search/?api=1&query=Halte%20Busway%20Penjaringan&query_place_id=ChIJH6Vb8ZIdai4RX72CAVPboQE","1","Susi Anti","https://www.google.com/maps/reviews/data=!4m8!14m7!1m6!2m5!1sChZDSUhNMG9nS0VJQ0FnSURwanB1bk1nEAE!2m1!1s0x0:0x1a1db530182bd5f!3m1!1s2@1:CIHM0ogKEICAgIDpjpunMg%7C%7C?hl=id","Petugasnya songong yg cewe ,,,,,klo kerja di pusat pelayanan tuh GK kepake klo orang kaya gitu ....tolong di pilih lagi buat rekrut karyawan tentang etitud kepada orang lain......"
"Halte Busway Penjaringan","https://www.google.com/maps/search/?api=1&query=Halte%20Busway%20Penjaringan&query_place_id=ChIJH6Vb8ZIdai4RX72CAVPboQE","1","Rahma Fitriani","https://www.google.com/maps/reviews/data=!4m8!14m7!1m6!2m5!1sChZDSUhNMG9nS0VJQ0FnSURMaWVuaGNBEAE!2m1!1s0x0:0x1a1db530182bd5f!3m1!1s2@1:CIHM0ogKEICAgIDLienhcA%7C%7C?hl=id","Parah banget transit mau ke tanjung priok busway nya lamaa bgt, nunggu sejam lebih"
"Halte Busway Penjaringan","https://www.google.com/maps/search/?api=1&query=Halte%20Busway%20Penjaringan&query_place_id=ChIJH6Vb8ZIdai4RX72CAVPboQE","1","Marianus Mali","https://www.google.com/maps/reviews/data=!4m8!14m7!1m6!2m5!1sChdDSUhNMG9nS0VJQ0FnSURoenFQVmhBRRAB!2m1!1s0x0:0x1a1db530182bd5f!3m1!1s2@1:CIHM0ogKEICAgIDhzqPVhAE%7C%7C?hl=id","Busway nmr 9..supir nya pada tidur kalli....makanya lama bangat nungguin nya...udah 45 menit nungguin di halte penjaringan arah uki.nga ada juga yang nonggol...pelaksana nya pada ngapain aja she krjanya pada tidur kali"
"Halte Busway Penjaringan","https://www.google.com/maps/search/?api=1&query=Halte%20Busway%20Penjaringan&query_place_id=ChIJH6Vb8ZIdai4RX72CAVPboQE","1","Paisal Pahri","https://www.google.com/maps/reviews/data=!4m8!14m7!1m6!2m5!1sChdDSUhNMG9nS0VJQ0FnSUMxM0ppcnhRRRAB!2m1!1s0x0:0x1a1db530182bd5f!3m1!1s2@1:CIHM0ogKEICAgIC13JirxQE%7C%7C?hl=id","Kayaknya busway ke PIK cuma satu deh, kagak ada kursi"
"Halte Busway Penjaringan","https://www.google.com/maps/search/?api=1&query=Halte%20Busway%20Penjaringan&query_place_id=ChIJH6Vb8ZIdai4RX72CAVPboQE","1","Deniel Welsen ng","https://www.google.com/maps/reviews/data=!4m8!14m7!1m6!2m5!1sChdDSUhNMG9nS0VJQ0FnSUNIclpTU2h3RRAB!2m1!1s0x0:0x1a1db530182bd5f!3m1!1s2@1:CIHM0ogKEICAgICHrZSShwE%7C%7C?hl=id","Petugas kurang dilatih"
"Halte Busway Penjaringan","https://www.google.com/maps/search/?api=1&query=Halte%20Busway%20Penjaringan&query_place_id=ChIJH6Vb8ZIdai4RX72CAVPboQE","1","Joe Janisad","https://www.google.com/maps/reviews/data=!4m8!14m7!1m6!2m5!1sChdDSUhNMG9nS0VJQ0FnSURSNjR5UDVnRRAB!2m1!1s0x0:0x1a1db530182bd5f!3m1!1s2@1:CIHM0ogKEICAgIDR64yP5gE%7C%7C?hl=id","Petugas tidak tau jadwal bus"
"Halte Busway Penjaringan","https://www.google.com/maps/search/?api=1&query=Halte%20Busway%20Penjaringan&query_place_id=ChIJH6Vb8ZIdai4RX72CAVPboQE","1","fx wiryawan","https://www.google.com/maps/reviews/data=!4m8!14m7!1m6!2m5!1sChZDSUhNMG9nS0VJQ0FnSURlb0lIeWZBEAE!2m1!1s0x0:0x1a1db530182bd5f!3m1!1s2@1:CIHM0ogKEICAgIDeoIHyfA%7C%7C?hl=id","Bus arah sunter lama"
"Halte Busway Penjaringan","https://www.google.com/maps/search/?api=1&query=Halte%20Busway%20Penjaringan&query_place_id=ChIJH6Vb8ZIdai4RX72CAVPboQE","1","Asep Burhanuddin","https://www.google.com/maps/reviews/data=!4m8!14m7!1m6!2m5!1sChdDSUhNMG9nS0VJQ0FnSUNNa19lVjBBRRAB!2m1!1s0x0:0x1a1db530182bd5f!3m1!1s2@1:CIHM0ogKEICAgICMk_eV0AE%7C%7C?hl=id","Benci kenapa kerana tidak ada jpo"
"Halte Busway Penjaringan","https://www.google.com/maps/search/?api=1&query=Halte%20Busway%20Penjaringan&query_place_id=ChIJH6Vb8ZIdai4RX72CAVPboQE","1","Pak Nikun","https://www.google.com/maps/reviews/data=!4m8!14m7!1m6!2m5!1sCi9DQUlRQUNvZENodHljRjlvT2psd2RXczVkV3RHT1V4a1FtODNaWGt6UW1oU2NVRRAB!2m1!1s0x0:0x1a1db530182bd5f!3m1!1s2@1:CAIQACodChtycF9oOjlwdWs5dWtGOUxkQm83ZXkzQmhScUE%7C%7C?hl=id",
"Halte Busway Penjaringan","https://www.google.com/maps/search/?api=1&query=Halte%20Busway%20Penjaringan&query_place_id=ChIJH6Vb8ZIdai4RX72CAVPboQE","1","Louisiana","https://www.google.com/maps/reviews/data=!4m8!14m7!1m6!2m5!1sCi9DQUlRQUNvZENodHljRjlvT2sxRFNGSndNRzA1YzI1V1ZFRjRSMUJvTjNOV04yYxAB!2m1!1s0x0:0x1a1db530182bd5f!3m1!1s2@1:CAIQACodChtycF9oOk1DSFJwMG05c25WVEF4R1BoN3NWN2c%7C%7C?hl=id",
"Halte Busway Penjaringan","https://www.google.com/maps/search/?api=1&query=Halte%20Busway%20Penjaringan&query_place_id=ChIJH6Vb8ZIdai4RX72CAVPboQE","1","Ichlasul Amal","https://www.google.com/maps/reviews/data=!4m8!14m7!1m6!2m5!1sChdDSUhNMG9nS0VJQ0FnSUNMaVo3a29nRRAB!2m1!1s0x0:0x1a1db530182bd5f!3m1!1s2@1:CIHM0ogKEICAgICLiZ7kogE%7C%7C?hl=id",
"Halte Busway Penjaringan","https://www.google.com/maps/search/?api=1&query=Halte%20Busway%20Penjaringan&query_place_id=ChIJH6Vb8ZIdai4RX72CAVPboQE","1","Adrian Djatikusumo","https://www.google.com/maps/reviews/data=!4m8!14m7!1m6!2m5!1sChZDSUhNMG9nS0VJQ0FnSUQ5dUxqS0ZREAE!2m1!1s0x0:0x1a1db530182bd5f!3m1!1s2@1:CIHM0ogKEICAgID9uLjKFQ%7C%7C?hl=id",
"Halte Busway Penjaringan","https://www.google.com/maps/search/?api=1&query=Halte%20Busway%20Penjaringan&query_place_id=ChIJH6Vb8ZIdai4RX72CAVPboQE","1","Diki Andriana","https://www.google.com/maps/reviews/data=!4m8!14m7!1m6!2m5!1sChdDSUhNMG9nS0VJQ0FnSURWcS15VnFnRRAB!2m1!1s0x0:0x1a1db530182bd5f!3m1!1s2@1:CIHM0ogKEICAgIDVq-yVqgE%7C%7C?hl=id",
"Halte Busway Penjaringan","https://www.google.com/maps/search/?api=1&query=Halte%20Busway%20Penjaringan&query_place_id=ChIJH6Vb8ZIdai4RX72CAVPboQE","1","manurung 07","https://www.google.com/maps/reviews/data=!4m8!14m7!1m6!2m5!1sChZDSUhNMG9nS0VJQ0FnSURNNnNETUdBEAE!2m1!1s0x0:0x1a1db530182bd5f!3m1!1s2@1:CIHM0ogKEICAgIDM6sDMGA%7C%7C?hl=id",
"Halte Busway Penjaringan","https://www.google.com/maps/search/?api=1&query=Halte%20Busway%20Penjaringan&query_place_id=ChIJH6Vb8ZIdai4RX72CAVPboQE","2","Gugum Gumilar","https://www.google.com/maps/reviews/data=!4m8!14m7!1m6!2m5!1sCi9DQUlRQUNvZENodHljRjlvT25oalUwVXpha0k1UTBSYVEySjNNR2hHVUVNNGFsRRAB!2m1!1s0x0:0x1a1db530182bd5f!3m1!1s2@1:CAIQACodChtycF9oOnhjU0UzakI5Q0RaQ2J3MGhGUEM4alE%7C%7C?hl=id","Tolong petugasnya hari ini, kalau ada kendala busway telat ngomong bukanya diem bae... Klo kita ga ngomong ga d kasih tau tuh klo ada kendala"
"Halte Busway Penjaringan","https://www.google.com/maps/search/?api=1&query=Halte%20Busway%20Penjaringan&query_place_id=ChIJH6Vb8ZIdai4RX72CAVPboQE","2","Ricky Loveliky","https://www.google.com/maps/reviews/data=!4m8!14m7!1m6!2m5!1sChdDSUhNMG9nS0VJQ0FnTUNJajV1dzBRRRAB!2m1!1s0x0:0x1a1db530182bd5f!3m1!1s2@1:CIHM0ogKEICAgMCIj5uw0QE%7C%7C?hl=id","Kecewa di kasih salah rute kesal katanya mau ke penjaringan pake rute ini tau tau nyasar untung ada yg baik bagi hotspot buat pesen grab soalnya data aku kebetulan habis hari ini kalo aku tetep pura pura goblok udh kemana kira kira mana busnya ngk stop stop lagi tetep jalan padahal kepikiran mau turun kan buka pintu ngk ngerem sama sekali"
"Halte Busway Penjaringan","https://www.google.com/maps/search/?api=1&query=Halte%20Busway%20Penjaringan&query_place_id=ChIJH6Vb8ZIdai4RX72CAVPboQE","2","Maz SayFull","https://www.google.com/maps/reviews/data=!4m8!14m7!1m6!2m5!1sChdDSUhNMG9nS0VJQ0FnSURTcHJ6SzdnRRAB!2m1!1s0x0:0x1a1db530182bd5f!3m1!1s2@1:CIHM0ogKEICAgIDSprzK7gE%7C%7C?hl=id","Haltenya sempit gak ada kursi buat duduk kayak halte-halte lain,gak ada JPO...."
"Halte Busway Penjaringan","https://www.google.com/maps/search/?api=1&query=Halte%20Busway%20Penjaringan&query_place_id=ChIJH6Vb8ZIdai4RX72CAVPboQE","2","Yeni Avita Ningrum","https://www.google.com/maps/reviews/data=!4m8!14m7!1m6!2m5!1sChdDSUhNMG9nS0VJQ0FnSUQ3MF9yY2p3RRAB!2m1!1s0x0:0x1a1db530182bd5f!3m1!1s2@1:CIHM0ogKEICAgID70_rcjwE%7C%7C?hl=id","Petugasnya pada sibuk sendiri(main hp & ngobrol, padahal cust udh lari-larian gada yang inisiatif berhentiin bus nya:'("
"Halte Busway Penjaringan","https://www.google.com/maps/search/?api=1&query=Halte%20Busway%20Penjaringan&query_place_id=ChIJH6Vb8ZIdai4RX72CAVPboQE","2","agus heriyanto","https://www.google.com/maps/reviews/data=!4m8!14m7!1m6!2m5!1sChdDSUhNMG9nS0VJQ0FnSUNoLXVhR3VnRRAB!2m1!1s0x0:0x1a1db530182bd5f!3m1!1s2@1:CIHM0ogKEICAgICh-uaGugE%7C%7C?hl=id","pelayanan petugas ngga paham. SOP nya ngawur.. sering ada penumpukan penumpang tapi transjakarta ke sunter masih di tahan. banyak yang telat ke kantor"
"Halte Busway Penjaringan","https://www.google.com/maps/search/?api=1&query=Halte%20Busway%20Penjaringan&query_place_id=ChIJH6Vb8ZIdai4RX72CAVPboQE","2","M risin Risin","https://www.google.com/maps/reviews/data=!4m8!14m7!1m6!2m5!1sChZDSUhNMG9nS0VJQ0FnSUMtNnYybUNnEAE!2m1!1s0x0:0x1a1db530182bd5f!3m1!1s2@1:CIHM0ogKEICAgIC-6v2mCg%7C%7C?hl=id","Kalo pagi2 jam7ngliat pak polisi selfi lalu meninggalkan lokasi"
"Halte Busway Penjaringan","https://www.google.com/maps/search/?api=1&query=Halte%20Busway%20Penjaringan&query_place_id=ChIJH6Vb8ZIdai4RX72CAVPboQE","2","Dhanny Zuliansyah (Ghomexs420)","https://www.google.com/maps/reviews/data=!4m8!14m7!1m6!2m5!1sChZDSUhNMG9nS0VJQ0FnSUN4b3RyWFd3EAE!2m1!1s0x0:0x1a1db530182bd5f!3m1!1s2@1:CIHM0ogKEICAgICxotrXWw%7C%7C?hl=id","Tidak ada JPO untuk akses ke haltenya"
"Halte Busway Penjaringan","https://www.google.com/maps/search/?api=1&query=Halte%20Busway%20Penjaringan&query_place_id=ChIJH6Vb8ZIdai4RX72CAVPboQE","2","Suripto aja","https://www.google.com/maps/reviews/data=!4m8!14m7!1m6!2m5!1sChdDSUhNMG9nS0VJQ0FnSURDX3BTM25RRRAB!2m1!1s0x0:0x1a1db530182bd5f!3m1!1s2@1:CIHM0ogKEICAgIDC_pS3nQE%7C%7C?hl=id","Bus 1A balai kota sering telat,,antrian numpuk."
"Halte Busway Penjaringan","https://www.google.com/maps/search/?api=1&query=Halte%20Busway%20Penjaringan&query_place_id=ChIJH6Vb8ZIdai4RX72CAVPboQE","2","fm fasya","https://www.google.com/maps/reviews/data=!4m8!14m7!1m6!2m5!1sChdDSUhNMG9nS0VJQ0FnTUNJLTQzdHZ3RRAB!2m1!1s0x0:0x1a1db530182bd5f!3m1!1s2@1:CIHM0ogKEICAgMCI-43tvwE%7C%7C?hl=id",
"Halte Busway Penjaringan","https://www.google.com/maps/search/?api=1&query=Halte%20Busway%20Penjaringan&query_place_id=ChIJH6Vb8ZIdai4RX72CAVPboQE","2","ayu hariani","https://www.google.com/maps/reviews/data=!4m8!14m7!1m6!2m5!1sChdDSUhNMG9nS0VJQ0FnSURleGMzcjNRRRAB!2m1!1s0x0:0x1a1db530182bd5f!3m1!1s2@1:CIHM0ogKEICAgIDexc3r3QE%7C%7C?hl=id",
"Stasiun LRT Cawang","https://www.google.com/maps/search/?api=1&query=Stasiun%20LRT%20Cawang&query_place_id=ChIJCVWnhFrzaS4RjudZbXQcMvg","1","Mahenda Yuliananta","https://www.google.com/maps/reviews/data=!4m8!14m7!1m6!2m5!1sChdDSUhNMG9nS0VJQ0FnTUNvMnVHUzZBRRAB!2m1!1s0x0:0xf8321c746d59e78e!3m1!1s2@1:CIHM0ogKEICAgMCo2uGS6AE%7C%7C?hl=id","Kok bisa ya bpk2 ini tdk perduli dengan Ibu dan anak difabel ini yg baru pulang berobat dari RSCM. Bagaimana manajemen LRT ?"
"Stasiun LRT Cawang","https://www.google.com/maps/search/?api=1&query=Stasiun%20LRT%20Cawang&query_place_id=ChIJCVWnhFrzaS4RjudZbXQcMvg","1","Fitri Azzahra","https://www.google.com/maps/reviews/data=!4m8!14m7!1m6!2m5!1sChdDSUhNMG9nS0VJQ0FnSUNfMXVfTWlBRRAB!2m1!1s0x0:0xf8321c746d59e78e!3m1!1s2@1:CIHM0ogKEICAgIC_1u_MiAE%7C%7C?hl=id","Tolong dong satpamnya lebih peka dikit. Saya pakai pin hamil untuk duduk dibangku prioritas tapi semua satpamnya yg lagi jaga di jalur peron gada yang peka sama sekali. Saya udh 4x ga dilayani untuk dapet bangku prioritas, padahal jelas jelas udah liat saya pakai pin prioritas tapi cuma diam aja, percuma satpam banyak buat jaga jalur peron tapi gada yang bisa bantu."
"Stasiun LRT Cawang","https://www.google.com/maps/search/?api=1&query=Stasiun%20LRT%20Cawang&query_place_id=ChIJCVWnhFrzaS4RjudZbXQcMvg","1","Horanghae Blue","https://www.google.com/maps/reviews/data=!4m8!14m7!1m6!2m5!1sChZDSUhNMG9nS0VJQ0FnSUNUby1hTEhREAE!2m1!1s0x0:0xf8321c746d59e78e!3m1!1s2@1:CIHM0ogKEICAgICTo-aLHQ%7C%7C?hl=id","staff ga helpful... sudah liat jalan ngesot nyeret, masih disuruh juter ke loket.. staff yang namanya rifki tolong ditraining lagi supaya lebih helpful ya.. jelas jelas penumpang sudah jalan ngesot nyeret, tidak tawarkan bantuan sama sekali.. malah ngobrol..  duh sehat sehat deh staff kayak gitu"
"Stasiun LRT Cawang","https://www.google.com/maps/search/?api=1&query=Stasiun%20LRT%20Cawang&query_place_id=ChIJCVWnhFrzaS4RjudZbXQcMvg","1","Firliana Yusufi","https://www.google.com/maps/reviews/data=!4m8!14m7!1m6!2m5!1sChdDSUhNMG9nS0VJQ0FnSURUeTQ3TC1RRRAB!2m1!1s0x0:0xf8321c746d59e78e!3m1!1s2@1:CIHM0ogKEICAgIDTy47L-QE%7C%7C?hl=id","tolong dong eskalator naiknya diperbaiki. bener2 bikin pengguna sesak nafas naik tangga cuma karna rusak tapi ga diperbaiki udah berhari-hari loh!!!"
"Stasiun LRT Cawang","https://www.google.com/maps/search/?api=1&query=Stasiun%20LRT%20Cawang&query_place_id=ChIJCVWnhFrzaS4RjudZbXQcMvg","1","Herman Kusuma","https://www.google.com/maps/reviews/data=!4m8!14m7!1m6!2m5!1sChZDSUhNMG9nS0VJQ0FnSURKdGJxQVpBEAE!2m1!1s0x0:0xf8321c746d59e78e!3m1!1s2@1:CIHM0ogKEICAgIDJtbqAZA%7C%7C?hl=id","Stasiun royal train. Keretanya para bangsawan. Yg qizmin, jalan kaki saja ya *sarkas

Transportasi massal kok segmented bgt. Emang bukan utk ngatasin kemacetan dan polusi, tpi memfasilitasi org berduit untuk sat set sat set tanpa harus macet2an 😇🙏🏽

Enaknya jadi org banyak duit, begitu banyak pilihan fasilitas. Semoga segera menyusul seperti mereka yg banyak duit dari hasil yg halal, Aamiin"
"Stasiun LRT Cawang","https://www.google.com/maps/search/?api=1&query=Stasiun%20LRT%20Cawang&query_place_id=ChIJCVWnhFrzaS4RjudZbXQcMvg","1","M. GHUFRON GUTAMA","https://www.google.com/maps/reviews/data=!4m8!14m7!1m6!2m5!1sChdDSUhNMG9nS0VJQ0FnSUNIemZfbHpRRRAB!2m1!1s0x0:0xf8321c746d59e78e!3m1!1s2@1:CIHM0ogKEICAgICHzf_lzQE%7C%7C?hl=id","PEMBOHONG. KATANYA TUTUP JAM 11, TAPI JAM 10.30 UDH TUTUP"
"Stasiun LRT Cawang","https://www.google.com/maps/search/?api=1&query=Stasiun%20LRT%20Cawang&query_place_id=ChIJCVWnhFrzaS4RjudZbXQcMvg","1","Jeremy Eliezer","https://www.google.com/maps/reviews/data=!4m8!14m7!1m6!2m5!1sChZDSUhNMG9nS0VJQ0FnSURQenVlVWF3EAE!2m1!1s0x0:0xf8321c746d59e78e!3m1!1s2@1:CIHM0ogKEICAgIDPzueUaw%7C%7C?hl=id","Stasiun gembel…gua mau top up flazz alsannya gabisa lagi error. Padahal ada logo flazz"
"Stasiun LRT Cawang","https://www.google.com/maps/search/?api=1&query=Stasiun%20LRT%20Cawang&query_place_id=ChIJCVWnhFrzaS4RjudZbXQcMvg","1","Radiana Cikampek","https://www.google.com/maps/reviews/data=!4m8!14m7!1m6!2m5!1sChdDSUhNMG9nS0VJQ0FnSUNScmNmTTBnRRAB!2m1!1s0x0:0xf8321c746d59e78e!3m1!1s2@1:CIHM0ogKEICAgICRrcfM0gE%7C%7C?hl=id","Mobil yg tujuan Bekasi timur mohon di tambah dong jangan 1 Jan 1 x terlalu lama menunggu nya"
"Stasiun LRT Cawang","https://www.google.com/maps/search/?api=1&query=Stasiun%20LRT%20Cawang&query_place_id=ChIJCVWnhFrzaS4RjudZbXQcMvg","1","Pro Mag-e No1","https://www.google.com/maps/reviews/data=!4m8!14m7!1m6!2m5!1sChZDSUhNMG9nS0VJQ0FnSUNQX003YUNREAE!2m1!1s0x0:0xf8321c746d59e78e!3m1!1s2@1:CIHM0ogKEICAgICP_M7aCQ%7C%7C?hl=id","Mahal banget dari stasiun LRT Setiabudi ke stasiun LRT Cawang, Abis 10rb."
"Stasiun LRT Cawang","https://www.google.com/maps/search/?api=1&query=Stasiun%20LRT%20Cawang&query_place_id=ChIJCVWnhFrzaS4RjudZbXQcMvg","1","Cornelius Zefanya","https://www.google.com/maps/reviews/data=!4m8!14m7!1m6!2m5!1sChZDSUhNMG9nS0VJQ0FnSUN4bGZySk1BEAE!2m1!1s0x0:0xf8321c746d59e78e!3m1!1s2@1:CIHM0ogKEICAgICxlfrJMA%7C%7C?hl=id","Tempatnya bagus    Sudah .         KelihatanBersih dan rapi"
"Stasiun LRT Cawang","https://www.google.com/maps/search/?api=1&query=Stasiun%20LRT%20Cawang&query_place_id=ChIJCVWnhFrzaS4RjudZbXQcMvg","1","Muhammad Anindya Suryo Adiningrat","https://www.google.com/maps/reviews/data=!4m8!14m7!1m6!2m5!1sChdDSUhNMG9nS0VJQ0FnSURwc2YzSXZBRRAB!2m1!1s0x0:0xf8321c746d59e78e!3m1!1s2@1:CIHM0ogKEICAgIDpsf3IvAE%7C%7C?hl=id","Bad"
"Stasiun LRT Cawang","https://www.google.com/maps/search/?api=1&query=Stasiun%20LRT%20Cawang&query_place_id=ChIJCVWnhFrzaS4RjudZbXQcMvg","1","Naura Athaya Mumtaz","https://www.google.com/maps/reviews/data=!4m8!14m7!1m6!2m5!1sCi9DQUlRQUNvZENodHljRjlvT25aV2JGVklWa05rYVV4M2JIZFBlVTkwVWtkV1FVRRAB!2m1!1s0x0:0xf8321c746d59e78e!3m1!1s2@1:CAIQACodChtycF9oOnZWbFVIVkNkaUx3bHdPeU90UkdWQUE%7C%7C?hl=id",
"Stasiun LRT Cawang","https://www.google.com/maps/search/?api=1&query=Stasiun%20LRT%20Cawang&query_place_id=ChIJCVWnhFrzaS4RjudZbXQcMvg","1","Eva Salim","https://www.google.com/maps/reviews/data=!4m8!14m7!1m6!2m5!1sCi9DQUlRQUNvZENodHljRjlvT21Kb0xVRllObXBCU1dONk1YcHFZbU0yTmxkaU0xRRAB!2m1!1s0x0:0xf8321c746d59e78e!3m1!1s2@1:CAIQACodChtycF9oOmJoLUFYNmpBSWN6MXpqYmM2NldiM1E%7C%7C?hl=id",
"Stasiun LRT Cawang","https://www.google.com/maps/search/?api=1&query=Stasiun%20LRT%20Cawang&query_place_id=ChIJCVWnhFrzaS4RjudZbXQcMvg","1","freddy gultom","https://www.google.com/maps/reviews/data=!4m8!14m7!1m6!2m5!1sCi9DQUlRQUNvZENodHljRjlvT2pWSmQyWjRaVnBPZEVST1YzTTJlVGMyV0dsbVJsRRAB!2m1!1s0x0:0xf8321c746d59e78e!3m1!1s2@1:CAIQACodChtycF9oOjVJd2Z4ZVpOdEROV3M2eTc2WGlmRlE%7C%7C?hl=id",
"Stasiun LRT Cawang","https://www.google.com/maps/search/?api=1&query=Stasiun%20LRT%20Cawang&query_place_id=ChIJCVWnhFrzaS4RjudZbXQcMvg","1","Lukman Hakim","https://www.google.com/maps/reviews/data=!4m8!14m7!1m6!2m5!1sChdDSUhNMG9nS0VJQ0FnSURqNDlDdDV3RRAB!2m1!1s0x0:0xf8321c746d59e78e!3m1!1s2@1:CIHM0ogKEICAgIDj49Ct5wE%7C%7C?hl=id",
"Stasiun LRT Cawang","https://www.google.com/maps/search/?api=1&query=Stasiun%20LRT%20Cawang&query_place_id=ChIJCVWnhFrzaS4RjudZbXQcMvg","1","Daniel Sihombing","https://www.google.com/maps/reviews/data=!4m8!14m7!1m6!2m5!1sChZDSUhNMG9nS0VJQ0FnSUNqcUpQYUZnEAE!2m1!1s0x0:0xf8321c746d59e78e!3m1!1s2@1:CIHM0ogKEICAgICjqJPaFg%7C%7C?hl=id",
"Stasiun LRT Cawang","https://www.google.com/maps/search/?api=1&query=Stasiun%20LRT%20Cawang&query_place_id=ChIJCVWnhFrzaS4RjudZbXQcMvg","1","Abrar M Catio","https://www.google.com/maps/reviews/data=!4m8!14m7!1m6!2m5!1sChZDSUhNMG9nS0VJQ0FnSUMxdGZmZ1VnEAE!2m1!1s0x0:0xf8321c746d59e78e!3m1!1s2@1:CIHM0ogKEICAgIC1tffgUg%7C%7C?hl=id",
"Stasiun LRT Cawang","https://www.google.com/maps/search/?api=1&query=Stasiun%20LRT%20Cawang&query_place_id=ChIJCVWnhFrzaS4RjudZbXQcMvg","1","ajijah dini Islamia sedhar","https://www.google.com/maps/reviews/data=!4m8!14m7!1m6!2m5!1sChdDSUhNMG9nS0VJQ0FnSUM1ajk3NDJRRRAB!2m1!1s0x0:0xf8321c746d59e78e!3m1!1s2@1:CIHM0ogKEICAgIC5j9742QE%7C%7C?hl=id",
"Stasiun LRT Cawang","https://www.google.com/maps/search/?api=1&query=Stasiun%20LRT%20Cawang&query_place_id=ChIJCVWnhFrzaS4RjudZbXQcMvg","2","Fredy","https://www.google.com/maps/reviews/data=!4m8!14m7!1m6!2m5!1sChZDSUhNMG9nS0VJQ0FnSUNqdXJER1d3EAE!2m1!1s0x0:0xf8321c746d59e78e!3m1!1s2@1:CIHM0ogKEICAgICjurDGWw%7C%7C?hl=id","Sisi arah Cawang-Halim gak ada space parkir tunggu mobil. Minta space dikit ma bus oren kadang d kasih kadang nggak. Terimakasih buat yg mau kasih space, semoga lancar selalu rejeki kalian.

Yg sisi sebaliknya ada space buat parkir tunggu mobil."
"Stasiun LRT Cawang","https://www.google.com/maps/search/?api=1&query=Stasiun%20LRT%20Cawang&query_place_id=ChIJCVWnhFrzaS4RjudZbXQcMvg","2","Batarakrisna Krisna","https://www.google.com/maps/reviews/data=!4m8!14m7!1m6!2m5!1sChZDSUhNMG9nS0VJQ0FnSUNkak5lNERREAE!2m1!1s0x0:0xf8321c746d59e78e!3m1!1s2@1:CIHM0ogKEICAgICdjNe4DQ%7C%7C?hl=id","Sarananya mayoritas bagus kecuali musholla. Tdk ada pemisah yg permanent antara ikhwan & akhwat. Luas musholla khusus akhwat lebih kecil dari kamar tidur saya... tempat wudhu hanya 1 kran air,  jadi pd saat adzan, hrs antri utk wudhu & sholat... miris... mukena2 yg tersedia bagus tapi bau semua 🤦🏽‍♀️🤦🏽‍♀️"
"Halte Busway Penjaringan","https://www.google.com/maps/search/?api=1&query=Halte%20Busway%20Penjaringan&query_place_id=ChIJH6Vb8ZIdai4RX72CAVPboQE","3","Gilang Muhamad Akbar","https://www.google.com/maps/reviews/data=!4m8!14m7!1m6!2m5!1sCi9DQUlRQUNvZENodHljRjlvT2pCbE1YTjNlVFZxT1hwVE1FNTRTbUpHYjFSWmFIYxAB!2m1!1s0x0:0x1a1db530182bd5f!3m1!1s2@1:CAIQACodChtycF9oOjBlMXN3eTVqOXpTME54SmJGb1RZaHc%7C%7C?hl=id","Halte Penjaringan adalah salah satu ujung penting di koridor 9 Transjakarta 🚌. Lokasinya dekat kawasan Pluit dan akses ke tol, jadi cukup strategis buat warga Jakarta Utara yang mau ke arah pusat kota. Plus, dari sini kamu bisa lanjut ke halte-halte besar seperti Grogol atau Tomang.

Tapi secara fasilitas, halte ini tergolong standar dan agak underwhelming kalau dibandingkan halte besar lainnya 😬. Tempat tunggu kecil, tidak ada papan info digital, dan suasana malam hari bisa terasa sepi dan kurang nyaman. Kalau lagi hujan deras atau panas terik, area tunggunya gak terlalu melindungi.

Kebersihannya lumayan oke, tapi perlu penjagaan rutin. Akses jalan ke halte juga bisa lebih ramah pejalan kaki—karena trotoar di sekitar halte sempit dan kadang terhalang parkir liar 🚶‍♂️🚧.

Halte ini punya potensi jadi titik transit yang lebih nyaman kalau ditingkatkan dari segi fasilitas dan keamanan."
"Halte Busway Penjaringan","https://www.google.com/maps/search/?api=1&query=Halte%20Busway%20Penjaringan&query_place_id=ChIJH6Vb8ZIdai4RX72CAVPboQE","3","Eddy IG edoth76","https://www.google.com/maps/reviews/data=!4m8!14m7!1m6!2m5!1sChZDSUhNMG9nS0VJQ0FnSURSLWNXb09BEAE!2m1!1s0x0:0x1a1db530182bd5f!3m1!1s2@1:CIHM0ogKEICAgIDR-cWoOA%7C%7C?hl=id","Biasanya kesini untuk transit dari Pinang Ranti - Pluit ke arah Tj Priok via Stasiun Kota.
Haltenya kurang memadai pas jam sibuk, mohon di beri fasiltas toilet & musholla juga."
"Halte Busway Penjaringan","https://www.google.com/maps/search/?api=1&query=Halte%20Busway%20Penjaringan&query_place_id=ChIJH6Vb8ZIdai4RX72CAVPboQE","3","cla","https://www.google.com/maps/reviews/data=!4m8!14m7!1m6!2m5!1sChZDSUhNMG9nS0VJQ0FnTUN3LU1IbEFnEAE!2m1!1s0x0:0x1a1db530182bd5f!3m1!1s2@1:CIHM0ogKEICAgMCw-MHlAg%7C%7C?hl=id","Sempit, kecil kurang efisien dan ga nyaman utk dijadikan halte transit apalagi jam2 sibuk dan saat bis lg tersendat.  walau ga banyak rute transit, tapi penumpang yg transit ke PIK, Sunter, yg nunggu ke pinangranti, dsb. Semuanya jadi satu. Belum lg yg mau akses keluar, sempit sekali jalurnya. Rikues ke Pusat utk direvitalisasi, bikin lebih luas. Sayang bgt halte yg strategis tp ga efisien."
"Halte Busway Penjaringan","https://www.google.com/maps/search/?api=1&query=Halte%20Busway%20Penjaringan&query_place_id=ChIJH6Vb8ZIdai4RX72CAVPboQE","3","Han","https://www.google.com/maps/reviews/data=!4m8!14m7!1m6!2m5!1sCi9DQUlRQUNvZENodHljRjlvT21aelMwUTJSblZLUVZwdFRtdFJZVFJLYXpaWU9IYxAB!2m1!1s0x0:0x1a1db530182bd5f!3m1!1s2@1:CAIQACodChtycF9oOmZzS0Q2RnVKQVptTmtRYTRKazZYOHc%7C%7C?hl=id","Bus ke arah kota jarang ada"
"Halte Busway Penjaringan","https://www.google.com/maps/search/?api=1&query=Halte%20Busway%20Penjaringan&query_place_id=ChIJH6Vb8ZIdai4RX72CAVPboQE","3","Males Mandi","https://www.google.com/maps/reviews/data=!4m8!14m7!1m6!2m5!1sChdDSUhNMG9nS0VJQ0FnSUN2aG9LV3lnRRAB!2m1!1s0x0:0x1a1db530182bd5f!3m1!1s2@1:CIHM0ogKEICAgICvhoKWygE%7C%7C?hl=id","Tambahin unit nya, penjaringan ke taman kota, tiap hari nunggu setengah jam lebih terus"
"Halte Busway Penjaringan","https://www.google.com/maps/search/?api=1&query=Halte%20Busway%20Penjaringan&query_place_id=ChIJH6Vb8ZIdai4RX72CAVPboQE","3","Johanes Dharmawi","https://www.google.com/maps/reviews/data=!4m8!14m7!1m6!2m5!1sChdDSUhNMG9nS0VJQ0FnSUQtdzdPU3JRRRAB!2m1!1s0x0:0x1a1db530182bd5f!3m1!1s2@1:CIHM0ogKEICAgID-w7OSrQE%7C%7C?hl=id","Masuk halte busway penjaringan, setelah berkunjung ke rumah duka Grand heaven, keliru naik busway tujuan pinang ranti, salah naik nyasar ke pluit. Rugi waktu dan uang sebab harus tempel kartu yang kedua kali, maklum jarang berkunjung ke sini. Semoga tidak terulang kesalahan yang kedua kalinya sangat menyesal dengan kejadian ini. Lain kali kalau tidak tahu sebaiknya tanya kepada petugas resmi. Semoga kita selamat diperjalanan sampai tujuan amin."
"Halte Busway Penjaringan","https://www.google.com/maps/search/?api=1&query=Halte%20Busway%20Penjaringan&query_place_id=ChIJH6Vb8ZIdai4RX72CAVPboQE","3","Muhammad Zahir","https://www.google.com/maps/reviews/data=!4m8!14m7!1m6!2m5!1sChZDSUhNMG9nS0VJQ0FnSUN1bE5Ddk5nEAE!2m1!1s0x0:0x1a1db530182bd5f!3m1!1s2@1:CIHM0ogKEICAgICulNCvNg%7C%7C?hl=id","Tolong diperhatikan papan PETA jurusan ditambah lah,, semuanya 09, padahal sudah ada 12 dan 1A. Sebab kami butuh informasi jelas UPDATE diperbaharui apalagi ada sebagian warga Jakarta Selatan tidak paham rute Jakarta Utara/Barat."
"Halte Busway Penjaringan","https://www.google.com/maps/search/?api=1&query=Halte%20Busway%20Penjaringan&query_place_id=ChIJH6Vb8ZIdai4RX72CAVPboQE","3","Daniel Kevin","https://www.google.com/maps/reviews/data=!4m8!14m7!1m6!2m5!1sChZDSUhNMG9nS0VJQ0FnSUN6eU9QU1N3EAE!2m1!1s0x0:0x1a1db530182bd5f!3m1!1s2@1:CIHM0ogKEICAgICzyOPSSw%7C%7C?hl=id","Tidak ada jembatan penyebrangan, jadi perlu ekstra hati-hati saat menyebrang jalan"
"Halte Busway Penjaringan","https://www.google.com/maps/search/?api=1&query=Halte%20Busway%20Penjaringan&query_place_id=ChIJH6Vb8ZIdai4RX72CAVPboQE","3","Nurohim Kaffa","https://www.google.com/maps/reviews/data=!4m8!14m7!1m6!2m5!1sChdDSUhNMG9nS0VJQ0FnSUQtaWZudW5nRRAB!2m1!1s0x0:0x1a1db530182bd5f!3m1!1s2@1:CIHM0ogKEICAgID-ifnungE%7C%7C?hl=id","Halte nya kecil penggunanya sangat banyak..  sepertinya perlu di revitalisasi.. agar penumpang lebih tertib dan todak berdesakan"
"Halte Busway Penjaringan","https://www.google.com/maps/search/?api=1&query=Halte%20Busway%20Penjaringan&query_place_id=ChIJH6Vb8ZIdai4RX72CAVPboQE","3","saryadi sarbini","https://www.google.com/maps/reviews/data=!4m8!14m7!1m6!2m5!1sChdDSUhNMG9nS0VJQ0FnSURCcTd6eDhRRRAB!2m1!1s0x0:0x1a1db530182bd5f!3m1!1s2@1:CIHM0ogKEICAgIDBq7zx8QE%7C%7C?hl=id","jadwal ngaco, monitor gak sesuai jadwal, bus kosong dilewatkan pdhl banyak penumpang"
"Halte Busway Penjaringan","https://www.google.com/maps/search/?api=1&query=Halte%20Busway%20Penjaringan&query_place_id=ChIJH6Vb8ZIdai4RX72CAVPboQE","3","yulistianti","https://www.google.com/maps/reviews/data=!4m8!14m7!1m6!2m5!1sChZDSUhNMG9nS0VJQ0FnSUMtLXVfdE5REAE!2m1!1s0x0:0x1a1db530182bd5f!3m1!1s2@1:CIHM0ogKEICAgIC--u_tNQ%7C%7C?hl=id","Terlalu kecil. Saat hari kerja sering terjadi penumpukan penumpang, baik yg hendak keluar hakte maupun yg transit."
"Halte Busway Penjaringan","https://www.google.com/maps/search/?api=1&query=Halte%20Busway%20Penjaringan&query_place_id=ChIJH6Vb8ZIdai4RX72CAVPboQE","3","ch","https://www.google.com/maps/reviews/data=!4m8!14m7!1m6!2m5!1sChZDSUhNMG9nS0VJQ0FnSURlamJHaGZBEAE!2m1!1s0x0:0x1a1db530182bd5f!3m1!1s2@1:CIHM0ogKEICAgIDejbGhfA%7C%7C?hl=id","Halte yg super sempit tapi rameeeeee bgt, smoga bisa direnovasi supaya penumpang bs lebih nyaman"
"Halte Busway Penjaringan","https://www.google.com/maps/search/?api=1&query=Halte%20Busway%20Penjaringan&query_place_id=ChIJH6Vb8ZIdai4RX72CAVPboQE","3","Tedy n Ducky","https://www.google.com/maps/reviews/data=!4m8!14m7!1m6!2m5!1sChZDSUhNMG9nS0VJQ0FnSUQtaF9xSkF3EAE!2m1!1s0x0:0x1a1db530182bd5f!3m1!1s2@1:CIHM0ogKEICAgID-h_qJAw%7C%7C?hl=id","Halte kecil tetapi yang antri bejibun , mending kalau transjakarta lancar terutama arah pik sangat sering lama banget"
"Halte Busway Penjaringan","https://www.google.com/maps/search/?api=1&query=Halte%20Busway%20Penjaringan&query_place_id=ChIJH6Vb8ZIdai4RX72CAVPboQE","3","saryadi sarbini","https://www.google.com/maps/reviews/data=!4m8!14m7!1m6!2m5!1sChdDSUhNMG9nS0VJQ0FnSURCaTlTMnR3RRAB!2m1!1s0x0:0x1a1db530182bd5f!3m1!1s2@1:CIHM0ogKEICAgIDBi9S2twE%7C%7C?hl=id","Monitor jadwal ngaco, penumpang tidak dapat memprediksi waktu tempuh dan tiba ditujuan"
"Halte Busway Penjaringan","https://www.google.com/maps/search/?api=1&query=Halte%20Busway%20Penjaringan&query_place_id=ChIJH6Vb8ZIdai4RX72CAVPboQE","3","Acen 82","https://www.google.com/maps/reviews/data=!4m8!14m7!1m6!2m5!1sChdDSUhNMG9nS0VJQ0FnSUNUX3YzeTN3RRAB!2m1!1s0x0:0x1a1db530182bd5f!3m1!1s2@1:CIHM0ogKEICAgICT_v3y3wE%7C%7C?hl=id","Sebenernya tempetnya tergolong oke cuma agak sesak pas jam padet"
"Halte Busway Penjaringan","https://www.google.com/maps/search/?api=1&query=Halte%20Busway%20Penjaringan&query_place_id=ChIJH6Vb8ZIdai4RX72CAVPboQE","3","Dewanto Pasya","https://www.google.com/maps/reviews/data=!4m8!14m7!1m6!2m5!1sChdDSUhNMG9nS0VJQ0FnSURlNlp1dDRRRRAB!2m1!1s0x0:0x1a1db530182bd5f!3m1!1s2@1:CIHM0ogKEICAgIDe6Zut4QE%7C%7C?hl=id","Kadang kurang bagus pelayanannya, waktu tunggu bus kadang agak lama"
"Halte Busway Penjaringan","https://www.google.com/maps/search/?api=1&query=Halte%20Busway%20Penjaringan&query_place_id=ChIJH6Vb8ZIdai4RX72CAVPboQE","3","Ira Indriani12","https://www.google.com/maps/reviews/data=!4m8!14m7!1m6!2m5!1sChdDSUhNMG9nS0VJQ0FnSUM1MmNmZGp3RRAB!2m1!1s0x0:0x1a1db530182bd5f!3m1!1s2@1:CIHM0ogKEICAgIC52cfdjwE%7C%7C?hl=id","Petugas tidak memberikan arahan kepada pengunjung,sibuk sendiri"
"Halte Busway Penjaringan","https://www.google.com/maps/search/?api=1&query=Halte%20Busway%20Penjaringan&query_place_id=ChIJH6Vb8ZIdai4RX72CAVPboQE","3","Rani yanti","https://www.google.com/maps/reviews/data=!4m8!14m7!1m6!2m5!1sChdDSUhNMG9nS0VJQ0FnSURCOXV2dHlBRRAB!2m1!1s0x0:0x1a1db530182bd5f!3m1!1s2@1:CIHM0ogKEICAgIDB9uvtyAE%7C%7C?hl=id","Tidak ada tempat duduk. Tempat nya dipakai petugas"
"Halte Busway Penjaringan","https://www.google.com/maps/search/?api=1&query=Halte%20Busway%20Penjaringan&query_place_id=ChIJH6Vb8ZIdai4RX72CAVPboQE","3","Irfan Mahendra","https://www.google.com/maps/reviews/data=!4m8!14m7!1m6!2m5!1sChZDSUhNMG9nS0VJQ0FnSURqck5MWk5REAE!2m1!1s0x0:0x1a1db530182bd5f!3m1!1s2@1:CIHM0ogKEICAgIDjrNLZNQ%7C%7C?hl=id","Abang nya lebih mirip ke kenek jaman sebelum tj"
"Halte Busway Penjaringan","https://www.google.com/maps/search/?api=1&query=Halte%20Busway%20Penjaringan&query_place_id=ChIJH6Vb8ZIdai4RX72CAVPboQE","3","Dave","https://www.google.com/maps/reviews/data=!4m8!14m7!1m6!2m5!1sChZDSUhNMG9nS0VJQ0FnSUMwdnRDamNREAE!2m1!1s0x0:0x1a1db530182bd5f!3m1!1s2@1:CIHM0ogKEICAgIC0vtCjcQ%7C%7C?hl=id","Tepat di tengah jalan yang sibuk, tidak ada jembatan penyeberangan."
"Halte Busway Penjaringan","https://www.google.com/maps/search/?api=1&query=Halte%20Busway%20Penjaringan&query_place_id=ChIJH6Vb8ZIdai4RX72CAVPboQE","3","kataHati","https://www.google.com/maps/reviews/data=!4m8!14m7!1m6!2m5!1sChZDSUhNMG9nS0VJQ0FnSURoX3Rmd0ZBEAE!2m1!1s0x0:0x1a1db530182bd5f!3m1!1s2@1:CIHM0ogKEICAgIDh_tfwFA%7C%7C?hl=id","Terlalu lama untuk menunggu bus 1A"
"Halte Busway Penjaringan","https://www.google.com/maps/search/?api=1&query=Halte%20Busway%20Penjaringan&query_place_id=ChIJH6Vb8ZIdai4RX72CAVPboQE","3","Joni","https://www.google.com/maps/reviews/data=!4m8!14m7!1m6!2m5!1sChdDSUhNMG9nS0VJQ0FnSUROODVfaDNnRRAB!2m1!1s0x0:0x1a1db530182bd5f!3m1!1s2@1:CIHM0ogKEICAgIDN85_h3gE%7C%7C?hl=id","Banyakin lagi bus 1A"
"Halte Busway Penjaringan","https://www.google.com/maps/search/?api=1&query=Halte%20Busway%20Penjaringan&query_place_id=ChIJH6Vb8ZIdai4RX72CAVPboQE","3","Agie801 Pranowo","https://www.google.com/maps/reviews/data=!4m8!14m7!1m6!2m5!1sChZDSUhNMG9nS0VJQ0FnSUMtMy1HaUl3EAE!2m1!1s0x0:0x1a1db530182bd5f!3m1!1s2@1:CIHM0ogKEICAgIC-3-GiIw%7C%7C?hl=id","Kurang fasilitas SPT toilet"
"Halte Busway Penjaringan","https://www.google.com/maps/search/?api=1&query=Halte%20Busway%20Penjaringan&query_place_id=ChIJH6Vb8ZIdai4RX72CAVPboQE","3","M Irfan","https://www.google.com/maps/reviews/data=!4m8!14m7!1m6!2m5!1sChZDSUhNMG9nS0VJQ0FnSURKanVTekl3EAE!2m1!1s0x0:0x1a1db530182bd5f!3m1!1s2@1:CIHM0ogKEICAgIDJjuSzIw%7C%7C?hl=id","Kurang bersih dan perawatan"
"Halte Busway Penjaringan","https://www.google.com/maps/search/?api=1&query=Halte%20Busway%20Penjaringan&query_place_id=ChIJH6Vb8ZIdai4RX72CAVPboQE","3","Suryateja Parijan","https://www.google.com/maps/reviews/data=!4m8!14m7!1m6!2m5!1sChdDSUhNMG9nS0VJQ0FnSUQtakxuM29BRRAB!2m1!1s0x0:0x1a1db530182bd5f!3m1!1s2@1:CIHM0ogKEICAgID-jLn3oAE%7C%7C?hl=id","Halte yg selalu padat"
"Halte Busway Penjaringan","https://www.google.com/maps/search/?api=1&query=Halte%20Busway%20Penjaringan&query_place_id=ChIJH6Vb8ZIdai4RX72CAVPboQE","3","Dandy Tribrata kartika putra","https://www.google.com/maps/reviews/data=!4m8!14m7!1m6!2m5!1sChdDSUhNMG9nS0VJQ0FnSURoZzktMXd3RRAB!2m1!1s0x0:0x1a1db530182bd5f!3m1!1s2@1:CIHM0ogKEICAgIDhg9-1wwE%7C%7C?hl=id","Bersih dan nyaman"
"Halte Busway Penjaringan","https://www.google.com/maps/search/?api=1&query=Halte%20Busway%20Penjaringan&query_place_id=ChIJH6Vb8ZIdai4RX72CAVPboQE","3","Liyya azandy","https://www.google.com/maps/reviews/data=!4m8!14m7!1m6!2m5!1sChdDSUhNMG9nS0VJQ0FnSUM1dG9ESDZnRRAB!2m1!1s0x0:0x1a1db530182bd5f!3m1!1s2@1:CIHM0ogKEICAgIC5toDH6gE%7C%7C?hl=id","Cukup"
"Halte Busway Penjaringan","https://www.google.com/maps/search/?api=1&query=Halte%20Busway%20Penjaringan&query_place_id=ChIJH6Vb8ZIdai4RX72CAVPboQE","3","Elsa Clarisa","https://www.google.com/maps/reviews/data=!4m8!14m7!1m6!2m5!1sChdDSUhNMG9nS0VJQ0FnSURoaDRleHJBRRAB!2m1!1s0x0:0x1a1db530182bd5f!3m1!1s2@1:CIHM0ogKEICAgIDhh4exrAE%7C%7C?hl=id","ya...begitulah"
"Halte Busway Penjaringan","https://www.google.com/maps/search/?api=1&query=Halte%20Busway%20Penjaringan&query_place_id=ChIJH6Vb8ZIdai4RX72CAVPboQE","3","MuhLis Van Java","https://www.google.com/maps/reviews/data=!4m8!14m7!1m6!2m5!1sChdDSUhNMG9nS0VJQ0FnSURlenFicHFnRRAB!2m1!1s0x0:0x1a1db530182bd5f!3m1!1s2@1:CIHM0ogKEICAgIDezqbpqgE%7C%7C?hl=id","Halte penumpang"
"Halte Busway Penjaringan","https://www.google.com/maps/search/?api=1&query=Halte%20Busway%20Penjaringan&query_place_id=ChIJH6Vb8ZIdai4RX72CAVPboQE","3","Liliek Trianto","https://www.google.com/maps/reviews/data=!4m8!14m7!1m6!2m5!1sChZDSUhNMG9nS0VJQ0FnSUMtZ3RfVFdBEAE!2m1!1s0x0:0x1a1db530182bd5f!3m1!1s2@1:CIHM0ogKEICAgIC-gt_TWA%7C%7C?hl=id","Lumayan"
"Halte Busway Penjaringan","https://www.google.com/maps/search/?api=1&query=Halte%20Busway%20Penjaringan&query_place_id=ChIJH6Vb8ZIdai4RX72CAVPboQE","3","Hello Marshie","https://www.google.com/maps/reviews/data=!4m8!14m7!1m6!2m5!1sChZDSUhNMG9nS0VJQ0FnSUR4aUtUc2JBEAE!2m1!1s0x0:0x1a1db530182bd5f!3m1!1s2@1:CIHM0ogKEICAgIDxiKTsbA%7C%7C?hl=id","The location is strategic, you can visit Emporium Pluit Mall or Pluit Junction Mall. However, it's small and hot when too crowded, especially during after office hour like 5 - 7 PM, queue for route 12 Tanjung Priok - Penjaringan is always crowded. 🥲

Best suggestion for that route is take the bus shelter on 7.30 PM or above to avoid long line and waiting time."
"Halte Busway Penjaringan","https://www.google.com/maps/search/?api=1&query=Halte%20Busway%20Penjaringan&query_place_id=ChIJH6Vb8ZIdai4RX72CAVPboQE","3","Heinz h","https://www.google.com/maps/reviews/data=!4m8!14m7!1m6!2m5!1sChdDSUhNMG9nS0VJQ0FnSUNlaWNETXVBRRAB!2m1!1s0x0:0x1a1db530182bd5f!3m1!1s2@1:CIHM0ogKEICAgICeicDMuAE%7C%7C?hl=id","Always crowded at office hours. If can make it bigger then will be better"
"Halte Busway Penjaringan","https://www.google.com/maps/search/?api=1&query=Halte%20Busway%20Penjaringan&query_place_id=ChIJH6Vb8ZIdai4RX72CAVPboQE","3","Elvin Octavian","https://www.google.com/maps/reviews/data=!4m8!14m7!1m6!2m5!1sChdDSUhNMG9nS0VJQ0FnSUNMa1BIZnBnRRAB!2m1!1s0x0:0x1a1db530182bd5f!3m1!1s2@1:CIHM0ogKEICAgICLkPHfpgE%7C%7C?hl=id",
"Halte Busway Penjaringan","https://www.google.com/maps/search/?api=1&query=Halte%20Busway%20Penjaringan&query_place_id=ChIJH6Vb8ZIdai4RX72CAVPboQE","3","Mutiara Sufi Aisyah","https://www.google.com/maps/reviews/data=!4m8!14m7!1m6!2m5!1sChZDSUhNMG9nS0VJQ0FnSUQtaExUN1ZREAE!2m1!1s0x0:0x1a1db530182bd5f!3m1!1s2@1:CIHM0ogKEICAgID-hLT7VQ%7C%7C?hl=id","rame😭"
"Halte Busway Penjaringan","https://www.google.com/maps/search/?api=1&query=Halte%20Busway%20Penjaringan&query_place_id=ChIJH6Vb8ZIdai4RX72CAVPboQE","3","keira law","https://www.google.com/maps/reviews/data=!4m8!14m7!1m6!2m5!1sChdDSUhNMG9nS0VJQ0FnSUNaeWZIdjdBRRAB!2m1!1s0x0:0x1a1db530182bd5f!3m1!1s2@1:CIHM0ogKEICAgICZyfHv7AE%7C%7C?hl=id","Too crowded"
"Halte Busway Penjaringan","https://www.google.com/maps/search/?api=1&query=Halte%20Busway%20Penjaringan&query_place_id=ChIJH6Vb8ZIdai4RX72CAVPboQE","3","bobby klavert","https://www.google.com/maps/reviews/data=!4m8!14m7!1m6!2m5!1sCi9DQUlRQUNvZENodHljRjlvT2xnMlJXSTJUbmhzTkRWVFNWRnJlbWwyVUhweVZWRRAB!2m1!1s0x0:0x1a1db530182bd5f!3m1!1s2@1:CAIQACodChtycF9oOlg2RWI2TnhsNDVTSVFreml2UHpyVVE%7C%7C?hl=id",
"Halte Busway Penjaringan","https://www.google.com/maps/search/?api=1&query=Halte%20Busway%20Penjaringan&query_place_id=ChIJH6Vb8ZIdai4RX72CAVPboQE","3","Alvin Prima","https://www.google.com/maps/reviews/data=!4m8!14m7!1m6!2m5!1sChdDSUhNMG9nS0VJQ0FnTUNndmVDRzVnRRAB!2m1!1s0x0:0x1a1db530182bd5f!3m1!1s2@1:CIHM0ogKEICAgMCgveCG5gE%7C%7C?hl=id",
"Halte Busway Penjaringan","https://www.google.com/maps/search/?api=1&query=Halte%20Busway%20Penjaringan&query_place_id=ChIJH6Vb8ZIdai4RX72CAVPboQE","3","Fitri Aisyah","https://www.google.com/maps/reviews/data=!4m8!14m7!1m6!2m5!1sChdDSUhNMG9nS0VJQ0FnSUMxbTRuOV9RRRAB!2m1!1s0x0:0x1a1db530182bd5f!3m1!1s2@1:CIHM0ogKEICAgIC1m4n9_QE%7C%7C?hl=id",
"Halte Busway Penjaringan","https://www.google.com/maps/search/?api=1&query=Halte%20Busway%20Penjaringan&query_place_id=ChIJH6Vb8ZIdai4RX72CAVPboQE","3","Mok","https://www.google.com/maps/reviews/data=!4m8!14m7!1m6!2m5!1sChdDSUhNMG9nS0VJQ0FnSUR4MXNld253RRAB!2m1!1s0x0:0x1a1db530182bd5f!3m1!1s2@1:CIHM0ogKEICAgIDx1sewnwE%7C%7C?hl=id",
"Halte Busway Penjaringan","https://www.google.com/maps/search/?api=1&query=Halte%20Busway%20Penjaringan&query_place_id=ChIJH6Vb8ZIdai4RX72CAVPboQE","3","Fajar Eko Wicaksono","https://www.google.com/maps/reviews/data=!4m8!14m7!1m6!2m5!1sChZDSUhNMG9nS0VJQ0FnSUR4OHVHLUd3EAE!2m1!1s0x0:0x1a1db530182bd5f!3m1!1s2@1:CIHM0ogKEICAgIDx8uG-Gw%7C%7C?hl=id",
"Stasiun LRT Cawang","https://www.google.com/maps/search/?api=1&query=Stasiun%20LRT%20Cawang&query_place_id=ChIJCVWnhFrzaS4RjudZbXQcMvg","2","Sulistiana P","https://www.google.com/maps/reviews/data=!4m8!14m7!1m6!2m5!1sChdDSUhNMG9nS0VJQ0FnSURscDVLcDd3RRAB!2m1!1s0x0:0xf8321c746d59e78e!3m1!1s2@1:CIHM0ogKEICAgIDlp5Kp7wE%7C%7C?hl=id","Sebenarnya tidak ada masalah terkait fasilitas dan akses lokasi disini, namun mau izin berkeluh kesah aja sama pegawai nya memang masih muda dan good looking tapi tolong ketika bekerja harus profesional, jangan asyik ngobrol dan tidak bantu costumer.
apalagi malah main handphone sampe selfie dan foto bersama, terlihat tidak etis. apalagi pake seragam dan sedang bertugas."
"Stasiun LRT Cawang","https://www.google.com/maps/search/?api=1&query=Stasiun%20LRT%20Cawang&query_place_id=ChIJCVWnhFrzaS4RjudZbXQcMvg","2","Hariadi Santoso","https://www.google.com/maps/reviews/data=!4m8!14m7!1m6!2m5!1sChZDSUhNMG9nS0VJQ0FnSUNwZ00zWVNREAE!2m1!1s0x0:0xf8321c746d59e78e!3m1!1s2@1:CIHM0ogKEICAgICpgM3YSQ%7C%7C?hl=id","Tidak ada petugas pemberi informasi
Tidak ada tulisan atau papan pengumuman
Tidak ada batas penghalang/barikade
Tidak ada police line

Sudah sampai atas nggak tau nya halte belum bisa terpakai"
"Stasiun LRT Cawang","https://www.google.com/maps/search/?api=1&query=Stasiun%20LRT%20Cawang&query_place_id=ChIJCVWnhFrzaS4RjudZbXQcMvg","2","Cibinong Nesia","https://www.google.com/maps/reviews/data=!4m8!14m7!1m6!2m5!1sChdDSUhNMG9nS0VJQ0FnSUM1b0pUSjR3RRAB!2m1!1s0x0:0xf8321c746d59e78e!3m1!1s2@1:CIHM0ogKEICAgIC5oJTJ4wE%7C%7C?hl=id","Isu: tidak on time

Lrt ke harjamukti di billboard bilang 17:44, tapi malah datang 17:33 (sebelum aku bisa balik ke peron)."
"Stasiun LRT Cawang","https://www.google.com/maps/search/?api=1&query=Stasiun%20LRT%20Cawang&query_place_id=ChIJCVWnhFrzaS4RjudZbXQcMvg","2","sandhi setiabudhi","https://www.google.com/maps/reviews/data=!4m8!14m7!1m6!2m5!1sChZDSUhNMG9nS0VJQ0FnSURwOTlmLUx3EAE!2m1!1s0x0:0xf8321c746d59e78e!3m1!1s2@1:CIHM0ogKEICAgIDp99f-Lw%7C%7C?hl=id","Sekarang nunggu kereta nya lama Kira2 1 jam. Ga seperti awal beroperasi"
"Stasiun LRT Cawang","https://www.google.com/maps/search/?api=1&query=Stasiun%20LRT%20Cawang&query_place_id=ChIJCVWnhFrzaS4RjudZbXQcMvg","2","TRES HADIWIJOYO","https://www.google.com/maps/reviews/data=!4m8!14m7!1m6!2m5!1sChdDSUhNMG9nS0VJQ0FnSURoNE1LU2d3RRAB!2m1!1s0x0:0xf8321c746d59e78e!3m1!1s2@1:CIHM0ogKEICAgIDh4MKSgwE%7C%7C?hl=id","Kagak aktif2 mana bisa dikomentari.. ga ada aktivitas penumpang disini."
"Stasiun LRT Cawang","https://www.google.com/maps/search/?api=1&query=Stasiun%20LRT%20Cawang&query_place_id=ChIJCVWnhFrzaS4RjudZbXQcMvg","2","Jasaderek Towing24jam","https://www.google.com/maps/reviews/data=!4m8!14m7!1m6!2m5!1sChZDSUhNMG9nS0VJQ0FnSUNQNEwyLUtBEAE!2m1!1s0x0:0xf8321c746d59e78e!3m1!1s2@1:CIHM0ogKEICAgICP4L2-KA%7C%7C?hl=id","Layanan nya amao"
"Stasiun LRT Cawang","https://www.google.com/maps/search/?api=1&query=Stasiun%20LRT%20Cawang&query_place_id=ChIJCVWnhFrzaS4RjudZbXQcMvg","2","PemujaMU","https://www.google.com/maps/reviews/data=!4m8!14m7!1m6!2m5!1sChZDSUhNMG9nS0VJQ0FnSUR4OGFQWENnEAE!2m1!1s0x0:0xf8321c746d59e78e!3m1!1s2@1:CIHM0ogKEICAgIDx8aPXCg%7C%7C?hl=id","Haru ditingkatkan Kesediaan Busway Bekasi"
"Stasiun LRT Cawang","https://www.google.com/maps/search/?api=1&query=Stasiun%20LRT%20Cawang&query_place_id=ChIJCVWnhFrzaS4RjudZbXQcMvg","2","Akvi Wibowo (Akvi)","https://www.google.com/maps/reviews/data=!4m8!14m7!1m6!2m5!1sChdDSUhNMG9nS0VJQ0FnSUM3ME9HWDlRRRAB!2m1!1s0x0:0xf8321c746d59e78e!3m1!1s2@1:CIHM0ogKEICAgIC70OGX9QE%7C%7C?hl=id","Tinggakat kebersihan"
"Stasiun LRT Cawang","https://www.google.com/maps/search/?api=1&query=Stasiun%20LRT%20Cawang&query_place_id=ChIJCVWnhFrzaS4RjudZbXQcMvg","2","adanari siregar","https://www.google.com/maps/reviews/data=!4m8!14m7!1m6!2m5!1sChdDSUhNMG9nS0VJQ0FnTURRNE55b3lBRRAB!2m1!1s0x0:0xf8321c746d59e78e!3m1!1s2@1:CIHM0ogKEICAgMDQ4NyoyAE%7C%7C?hl=id","There is no elevetor working in tha island.
Only got excuse from the poter and the same answer from the chief porter  ""Under construction"" and leave . stupid answer"
"Stasiun LRT Cawang","https://www.google.com/maps/search/?api=1&query=Stasiun%20LRT%20Cawang&query_place_id=ChIJCVWnhFrzaS4RjudZbXQcMvg","2","riko nababan","https://www.google.com/maps/reviews/data=!4m8!14m7!1m6!2m5!1sChZDSUhNMG9nS0VJQ0FnSUNkcE9mREh3EAE!2m1!1s0x0:0xf8321c746d59e78e!3m1!1s2@1:CIHM0ogKEICAgICdpOfDHw%7C%7C?hl=id",
"Stasiun LRT Cawang","https://www.google.com/maps/search/?api=1&query=Stasiun%20LRT%20Cawang&query_place_id=ChIJCVWnhFrzaS4RjudZbXQcMvg","2","Agus Sugandi","https://www.google.com/maps/reviews/data=!4m8!14m7!1m6!2m5!1sChdDSUhNMG9nS0VJQ0FnSUNGazdYb3FnRRAB!2m1!1s0x0:0xf8321c746d59e78e!3m1!1s2@1:CIHM0ogKEICAgICFk7XoqgE%7C%7C?hl=id",
"Stasiun LRT Cawang","https://www.google.com/maps/search/?api=1&query=Stasiun%20LRT%20Cawang&query_place_id=ChIJCVWnhFrzaS4RjudZbXQcMvg","3","zainul arifianto","https://www.google.com/maps/reviews/data=!4m8!14m7!1m6!2m5!1sChdDSUhNMG9nS0VJQ0FnSUNSdWRhbGdBRRAB!2m1!1s0x0:0xf8321c746d59e78e!3m1!1s2@1:CIHM0ogKEICAgICRudalgAE%7C%7C?hl=id","Yang digadang-gadang jadi pusat transportasi terintegrasi kereta api, bus way dan LRT. Lebih mudah dan bisa milih moda transportasi .. mantap kali niy stesyen elerte .."
"Stasiun LRT Cawang","https://www.google.com/maps/search/?api=1&query=Stasiun%20LRT%20Cawang&query_place_id=ChIJCVWnhFrzaS4RjudZbXQcMvg","3","Susilawati sila","https://www.google.com/maps/reviews/data=!4m8!14m7!1m6!2m5!1sChZDSUhNMG9nS0VJQ0FnSUNYc3RiS0x3EAE!2m1!1s0x0:0xf8321c746d59e78e!3m1!1s2@1:CIHM0ogKEICAgICXstbKLw%7C%7C?hl=id","Kesel, lagi bawa banyak barang pagi². Ternyata bus ke bekasi dan cibubur 40 mnt sekali. Pas batalin nanya ke petugas dulu malah diminta langsung tapout. Harusnya kan bisa batalin perjalanan. Jadinya saldo kepotong sia sia"
"Stasiun LRT Cawang","https://www.google.com/maps/search/?api=1&query=Stasiun%20LRT%20Cawang&query_place_id=ChIJCVWnhFrzaS4RjudZbXQcMvg","3","Grace Maria","https://www.google.com/maps/reviews/data=!4m8!14m7!1m6!2m5!1sChZDSUhNMG9nS0VJQ0FnSURYOEk2MEZnEAE!2m1!1s0x0:0xf8321c746d59e78e!3m1!1s2@1:CIHM0ogKEICAgIDX8I60Fg%7C%7C?hl=id","Saya kasih tiga dulu... Usul ndak usah dirubah pola masuk dan keluarnya... Dibuat kaya biasanya aja setengah2 atau semua bisa utk masuk dan keluar... Sekarang ini lagi dibuat pintu masuk sendiri keluar sendiri... Jadinya muter kalau mau ke TJ, jadinya telat ndak kebagian LRT jika pas banget lagi mepet waktunya tgl 3 menit harus muter dulu buat masuk padahal kalau lewat pintu sisi yg ditutup utk masuk sdh amat dekat dg eskalator yg ke LRT... Please deh... Kasihan orangtua kalau harus jalan memutar cuma gegara pintu tiketnya dibuat begitu.... Cape deh..."
"Stasiun LRT Cawang","https://www.google.com/maps/search/?api=1&query=Stasiun%20LRT%20Cawang&query_place_id=ChIJCVWnhFrzaS4RjudZbXQcMvg","3","Rossy Intan","https://www.google.com/maps/reviews/data=!4m8!14m7!1m6!2m5!1sChZDSUhNMG9nS0VJQ0FnSUNmdThYUVd3EAE!2m1!1s0x0:0xf8321c746d59e78e!3m1!1s2@1:CIHM0ogKEICAgICfu8XQWw%7C%7C?hl=id","Bersih, hanya perlu perbaikan pada tangga naik dna turun untuk penumpang bekasi"
"Stasiun LRT Cawang","https://www.google.com/maps/search/?api=1&query=Stasiun%20LRT%20Cawang&query_place_id=ChIJCVWnhFrzaS4RjudZbXQcMvg","3","Muhammad Ujang","https://www.google.com/maps/reviews/data=!4m8!14m7!1m6!2m5!1sChZDSUhNMG9nS0VJQ0FnSURkNW9MbldBEAE!2m1!1s0x0:0xf8321c746d59e78e!3m1!1s2@1:CIHM0ogKEICAgIDd5oLnWA%7C%7C?hl=id","Lumayan buat transit KRL arah Kuningan buat pegawai wilayah Mega Kuningan karena ongkos murah tapi utang Ama cina itu yg bayar sapa y itu kan ada Ong ok yg ke Cina berapa generasi menanggung beban"
"Stasiun LRT Cawang","https://www.google.com/maps/search/?api=1&query=Stasiun%20LRT%20Cawang&query_place_id=ChIJCVWnhFrzaS4RjudZbXQcMvg","3","Kang Tolong","https://www.google.com/maps/reviews/data=!4m8!14m7!1m6!2m5!1sChdDSUhNMG9nS0VJQ0FnSUMxMHRpaDh3RRAB!2m1!1s0x0:0xf8321c746d59e78e!3m1!1s2@1:CIHM0ogKEICAgIC10tih8wE%7C%7C?hl=id","Ketika akan masuk area harus menggunakan easy money /kartu uang elektronik,,. Mohon mesin topUpnya di kondisikan tidak error, sehingga mudah untuk menggunakan fasilitas yg ada."
"Stasiun LRT Cawang","https://www.google.com/maps/search/?api=1&query=Stasiun%20LRT%20Cawang&query_place_id=ChIJCVWnhFrzaS4RjudZbXQcMvg","3","Mira Manis","https://www.google.com/maps/reviews/data=!4m8!14m7!1m6!2m5!1sChZDSUhNMG9nS0VJQ0FnSUNSemR1UEVREAE!2m1!1s0x0:0xf8321c746d59e78e!3m1!1s2@1:CIHM0ogKEICAgICRzduPEQ%7C%7C?hl=id","Halte baru..tpi belum ramah untuk lansia dn penyandang disabilitas...kebersihan kurang..petuga skebersihan jarang ad...g sepwrti distasiun petugas kebersihan selalu ad dn stasiun dn KRL rapi dn bersih"
"Stasiun LRT Cawang","https://www.google.com/maps/search/?api=1&query=Stasiun%20LRT%20Cawang&query_place_id=ChIJCVWnhFrzaS4RjudZbXQcMvg","3","Andhika Widiarto","https://www.google.com/maps/reviews/data=!4m8!14m7!1m6!2m5!1sChZDSUhNMG9nS0VJQ0FnSUM5cU9HbEFnEAE!2m1!1s0x0:0xf8321c746d59e78e!3m1!1s2@1:CIHM0ogKEICAgIC9qOGlAg%7C%7C?hl=id","Keluar di atas RS mata, ga tau kl mau parkir dimana, dipinggir jalan macet, tp lumayan kalo mau ngurangi macey"
"Stasiun LRT Cawang","https://www.google.com/maps/search/?api=1&query=Stasiun%20LRT%20Cawang&query_place_id=ChIJCVWnhFrzaS4RjudZbXQcMvg","3","Agus Fatriady","https://www.google.com/maps/reviews/data=!4m8!14m7!1m6!2m5!1sChZDSUhNMG9nS0VJQ0FnSUR2bGJTZlNBEAE!2m1!1s0x0:0xf8321c746d59e78e!3m1!1s2@1:CIHM0ogKEICAgIDvlbSfSA%7C%7C?hl=id","Susah cari toilet, perbanyak sign direction"
"Stasiun LRT Cawang","https://www.google.com/maps/search/?api=1&query=Stasiun%20LRT%20Cawang&query_place_id=ChIJCVWnhFrzaS4RjudZbXQcMvg","3","nur rahmaan hasyim","https://www.google.com/maps/reviews/data=!4m8!14m7!1m6!2m5!1sChZDSUhNMG9nS0VJQ0FnSUNseHY3eFJnEAE!2m1!1s0x0:0xf8321c746d59e78e!3m1!1s2@1:CIHM0ogKEICAgIClxv7xRg%7C%7C?hl=id","Buosok, headway 1 jam sekali tu apaan? Makan tuh TKDN"
"Stasiun LRT Cawang","https://www.google.com/maps/search/?api=1&query=Stasiun%20LRT%20Cawang&query_place_id=ChIJCVWnhFrzaS4RjudZbXQcMvg","3","Antonio de Kömsarij","https://www.google.com/maps/reviews/data=!4m8!14m7!1m6!2m5!1sChdDSUhNMG9nS0VJQ0FnSURIdmRlOXZBRRAB!2m1!1s0x0:0xf8321c746d59e78e!3m1!1s2@1:CIHM0ogKEICAgIDHvde9vAE%7C%7C?hl=id","Eskalatornya harus ditambah untuk lansia."
"Stasiun LRT Cawang","https://www.google.com/maps/search/?api=1&query=Stasiun%20LRT%20Cawang&query_place_id=ChIJCVWnhFrzaS4RjudZbXQcMvg","3","Risya Mawahdah","https://www.google.com/maps/reviews/data=!4m8!14m7!1m6!2m5!1sChZDSUhNMG9nS0VJQ0FnSUNaLXItaElnEAE!2m1!1s0x0:0xf8321c746d59e78e!3m1!1s2@1:CIHM0ogKEICAgICZ-r-hIg%7C%7C?hl=id","Kurang lift. Maklum incess. Lelah naik tangga tinggi bgt setinggi cita cita"
"Stasiun LRT Cawang","https://www.google.com/maps/search/?api=1&query=Stasiun%20LRT%20Cawang&query_place_id=ChIJCVWnhFrzaS4RjudZbXQcMvg","3","Kelik Kanan","https://www.google.com/maps/reviews/data=!4m8!14m7!1m6!2m5!1sChZDSUhNMG9nS0VJQ0FnSUQ1a1AtZURBEAE!2m1!1s0x0:0xf8321c746d59e78e!3m1!1s2@1:CIHM0ogKEICAgID5kP-eDA%7C%7C?hl=id","Enak tapi sedikit mahal"
"Stasiun LRT Cawang","https://www.google.com/maps/search/?api=1&query=Stasiun%20LRT%20Cawang&query_place_id=ChIJCVWnhFrzaS4RjudZbXQcMvg","3","pujo utomo","https://www.google.com/maps/reviews/data=!4m8!14m7!1m6!2m5!1sChZDSUhNMG9nS0VJQ0FnSUN4X0x6ZGZBEAE!2m1!1s0x0:0xf8321c746d59e78e!3m1!1s2@1:CIHM0ogKEICAgICx_LzdfA%7C%7C?hl=id","Belum operasi LRT nya
Masih proyek sarana blum selesai"
"Stasiun LRT Cawang","https://www.google.com/maps/search/?api=1&query=Stasiun%20LRT%20Cawang&query_place_id=ChIJCVWnhFrzaS4RjudZbXQcMvg","3","Dayat KK","https://www.google.com/maps/reviews/data=!4m8!14m7!1m6!2m5!1sChZDSUhNMG9nS0VJQ0FnSURacU9mX0VREAE!2m1!1s0x0:0xf8321c746d59e78e!3m1!1s2@1:CIHM0ogKEICAgIDZqOf_EQ%7C%7C?hl=id","Lebih gede dari stasiun yg lain sebagai stasiun transit"
"Stasiun LRT Cawang","https://www.google.com/maps/search/?api=1&query=Stasiun%20LRT%20Cawang&query_place_id=ChIJCVWnhFrzaS4RjudZbXQcMvg","3","LUTFI NURPAHMAN","https://www.google.com/maps/reviews/data=!4m8!14m7!1m6!2m5!1sChZDSUhNMG9nS0VJQ0FnSUMtdzd2Q2JREAE!2m1!1s0x0:0xf8321c746d59e78e!3m1!1s2@1:CIHM0ogKEICAgIC-w7vCbQ%7C%7C?hl=id","Untuk sekarang masih berantakan.
Karena baru di bangun juga"
"Stasiun LRT Cawang","https://www.google.com/maps/search/?api=1&query=Stasiun%20LRT%20Cawang&query_place_id=ChIJCVWnhFrzaS4RjudZbXQcMvg","3","Totok Suryono","https://www.google.com/maps/reviews/data=!4m8!14m7!1m6!2m5!1sChdDSUhNMG9nS0VJQ0FnSUQ1bEstamdBRRAB!2m1!1s0x0:0xf8321c746d59e78e!3m1!1s2@1:CIHM0ogKEICAgID5lK-jgAE%7C%7C?hl=id","Untuk naik dari halte TJ pakai tangga"
"Stasiun LRT Cawang","https://www.google.com/maps/search/?api=1&query=Stasiun%20LRT%20Cawang&query_place_id=ChIJCVWnhFrzaS4RjudZbXQcMvg","3","Iin Indra","https://www.google.com/maps/reviews/data=!4m8!14m7!1m6!2m5!1sChZDSUhNMG9nS0VJQ0FnSURsOHRPMVVnEAE!2m1!1s0x0:0xf8321c746d59e78e!3m1!1s2@1:CIHM0ogKEICAgIDl8tO1Ug%7C%7C?hl=id","Masih membingungkan"
"Stasiun LRT Cawang","https://www.google.com/maps/search/?api=1&query=Stasiun%20LRT%20Cawang&query_place_id=ChIJCVWnhFrzaS4RjudZbXQcMvg","3","Andi Ahmad","https://www.google.com/maps/reviews/data=!4m8!14m7!1m6!2m5!1sChZDSUhNMG9nS0VJQ0FnSURUeU1PMUlBEAE!2m1!1s0x0:0xf8321c746d59e78e!3m1!1s2@1:CIHM0ogKEICAgIDTyMO1IA%7C%7C?hl=id","Lokasi strategis"
"Stasiun LRT Cawang","https://www.google.com/maps/search/?api=1&query=Stasiun%20LRT%20Cawang&query_place_id=ChIJCVWnhFrzaS4RjudZbXQcMvg","3","jocovic sumarov","https://www.google.com/maps/reviews/data=!4m8!14m7!1m6!2m5!1sChZDSUhNMG9nS0VJQ0FnSURkdW9Qeld3EAE!2m1!1s0x0:0xf8321c746d59e78e!3m1!1s2@1:CIHM0ogKEICAgIDduoPzWw%7C%7C?hl=id","Tempat nyaman"
"Stasiun LRT Cawang","https://www.google.com/maps/search/?api=1&query=Stasiun%20LRT%20Cawang&query_place_id=ChIJCVWnhFrzaS4RjudZbXQcMvg","3","Andi Guns","https://www.google.com/maps/reviews/data=!4m8!14m7!1m6!2m5!1sChdDSUhNMG9nS0VJQ0FnSURweTRhRWxBRRAB!2m1!1s0x0:0xf8321c746d59e78e!3m1!1s2@1:CIHM0ogKEICAgIDpy4aElAE%7C%7C?hl=id","Kurang bersih dan rapi."
"Stasiun LRT Cawang","https://www.google.com/maps/search/?api=1&query=Stasiun%20LRT%20Cawang&query_place_id=ChIJCVWnhFrzaS4RjudZbXQcMvg","3","Dandy Tribrata kartika putra","https://www.google.com/maps/reviews/data=!4m8!14m7!1m6!2m5!1sChZDSUhNMG9nS0VJQ0FnSUN4MmJxSkZnEAE!2m1!1s0x0:0xf8321c746d59e78e!3m1!1s2@1:CIHM0ogKEICAgICx2bqJFg%7C%7C?hl=id","Pelayanan ok"
"Stasiun LRT Cawang","https://www.google.com/maps/search/?api=1&query=Stasiun%20LRT%20Cawang&query_place_id=ChIJCVWnhFrzaS4RjudZbXQcMvg","3","Ambar astini","https://www.google.com/maps/reviews/data=!4m8!14m7!1m6!2m5!1sChdDSUhNMG9nS0VJQ0FnSUNwN19tY2hRRRAB!2m1!1s0x0:0xf8321c746d59e78e!3m1!1s2@1:CIHM0ogKEICAgICp7_mchQE%7C%7C?hl=id","Oke"
"Stasiun LRT Cawang","https://www.google.com/maps/search/?api=1&query=Stasiun%20LRT%20Cawang&query_place_id=ChIJCVWnhFrzaS4RjudZbXQcMvg","3","Yonaz Salasa","https://www.google.com/maps/reviews/data=!4m8!14m7!1m6!2m5!1sChdDSUhNMG9nS0VJQ0FnSUNGLTdHSHd3RRAB!2m1!1s0x0:0xf8321c746d59e78e!3m1!1s2@1:CIHM0ogKEICAgICF-7GHwwE%7C%7C?hl=id","This place prefers to use glass, because there is a lot of dust scattered around. It bothers your customers.. hardly."
"Stasiun LRT Cawang","https://www.google.com/maps/search/?api=1&query=Stasiun%20LRT%20Cawang&query_place_id=ChIJCVWnhFrzaS4RjudZbXQcMvg","3","Restiawati Niskala","https://www.google.com/maps/reviews/data=!4m8!14m7!1m6!2m5!1sChdDSUhNMG9nS0VJQ0FnSURMbW8zQXZRRRAB!2m1!1s0x0:0xf8321c746d59e78e!3m1!1s2@1:CIHM0ogKEICAgIDLmo3AvQE%7C%7C?hl=id","very good, clean..mushola wide clean new mukenas"
"Stasiun LRT Cawang","https://www.google.com/maps/search/?api=1&query=Stasiun%20LRT%20Cawang&query_place_id=ChIJCVWnhFrzaS4RjudZbXQcMvg","3","Juan Fery Situmorang","https://www.google.com/maps/reviews/data=!4m8!14m7!1m6!2m5!1sChdDSUhNMG9nS0VJQ0FnSUNENHNtOXpnRRAB!2m1!1s0x0:0xf8321c746d59e78e!3m1!1s2@1:CIHM0ogKEICAgICD4sm9zgE%7C%7C?hl=id","Ok"
"Stasiun LRT Cawang","https://www.google.com/maps/search/?api=1&query=Stasiun%20LRT%20Cawang&query_place_id=ChIJCVWnhFrzaS4RjudZbXQcMvg","3","Mufdi Firdaus","https://www.google.com/maps/reviews/data=!4m8!14m7!1m6!2m5!1sChdDSUhNMG9nS0VJQ0FnSUNmNmZmQnRnRRAB!2m1!1s0x0:0xf8321c746d59e78e!3m1!1s2@1:CIHM0ogKEICAgICf6ffBtgE%7C%7C?hl=id",
"Stasiun LRT Cawang","https://www.google.com/maps/search/?api=1&query=Stasiun%20LRT%20Cawang&query_place_id=ChIJCVWnhFrzaS4RjudZbXQcMvg","3","Nuryasin","https://www.google.com/maps/reviews/data=!4m8!14m7!1m6!2m5!1sChdDSUhNMG9nS0VJQ0FnSURKdTlyWjd3RRAB!2m1!1s0x0:0xf8321c746d59e78e!3m1!1s2@1:CIHM0ogKEICAgIDJu9rZ7wE%7C%7C?hl=id",
"Stasiun LRT Cawang","https://www.google.com/maps/search/?api=1&query=Stasiun%20LRT%20Cawang&query_place_id=ChIJCVWnhFrzaS4RjudZbXQcMvg","3","Mirnawati Dewi","https://www.google.com/maps/reviews/data=!4m8!14m7!1m6!2m5!1sChZDSUhNMG9nS0VJQ0FnSURuXzRILVRREAE!2m1!1s0x0:0xf8321c746d59e78e!3m1!1s2@1:CIHM0ogKEICAgIDn_4H-TQ%7C%7C?hl=id","Crowded"
"Stasiun LRT Cawang","https://www.google.com/maps/search/?api=1&query=Stasiun%20LRT%20Cawang&query_place_id=ChIJCVWnhFrzaS4RjudZbXQcMvg","3","Arifien Sutrisno","https://www.google.com/maps/reviews/data=!4m8!14m7!1m6!2m5!1sCi9DQUlRQUNvZENodHljRjlvT21kV09IbzNUbGxhWkVoMVpXZE1UamhvYzNkMFVXYxAB!2m1!1s0x0:0xf8321c746d59e78e!3m1!1s2@1:CAIQACodChtycF9oOmdWOHo3TllaZEh1ZWdMTjhoc3d0UWc%7C%7C?hl=id",
"Stasiun LRT Cawang","https://www.google.com/maps/search/?api=1&query=Stasiun%20LRT%20Cawang&query_place_id=ChIJCVWnhFrzaS4RjudZbXQcMvg","3","Apriyanto","https://www.google.com/maps/reviews/data=!4m8!14m7!1m6!2m5!1sChZDSUhNMG9nS0VJQ0FnTUR3clBTSE9nEAE!2m1!1s0x0:0xf8321c746d59e78e!3m1!1s2@1:CIHM0ogKEICAgMDwrPSHOg%7C%7C?hl=id",
"Stasiun LRT Cawang","https://www.google.com/maps/search/?api=1&query=Stasiun%20LRT%20Cawang&query_place_id=ChIJCVWnhFrzaS4RjudZbXQcMvg","3","Moni Siahaan","https://www.google.com/maps/reviews/data=!4m8!14m7!1m6!2m5!1sChdDSUhNMG9nS0VJQ0FnTUNRdlBEcHd3RRAB!2m1!1s0x0:0xf8321c746d59e78e!3m1!1s2@1:CIHM0ogKEICAgMCQvPDpwwE%7C%7C?hl=id",
"Stasiun LRT Cawang","https://www.google.com/maps/search/?api=1&query=Stasiun%20LRT%20Cawang&query_place_id=ChIJCVWnhFrzaS4RjudZbXQcMvg","3","Teguh “TS” Septiadi","https://www.google.com/maps/reviews/data=!4m8!14m7!1m6!2m5!1sChZDSUhNMG9nS0VJQ0FnTUNnN0lLS2ZnEAE!2m1!1s0x0:0xf8321c746d59e78e!3m1!1s2@1:CIHM0ogKEICAgMCg7IKKfg%7C%7C?hl=id",
"Stasiun LRT Cawang","https://www.google.com/maps/search/?api=1&query=Stasiun%20LRT%20Cawang&query_place_id=ChIJCVWnhFrzaS4RjudZbXQcMvg","3","Mohamad Arya","https://www.google.com/maps/reviews/data=!4m8!14m7!1m6!2m5!1sChZDSUhNMG9nS0VJQ0FnSUNYNHRITkV3EAE!2m1!1s0x0:0xf8321c746d59e78e!3m1!1s2@1:CIHM0ogKEICAgICX4tHNEw%7C%7C?hl=id",
"Stasiun LRT Cawang","https://www.google.com/maps/search/?api=1&query=Stasiun%20LRT%20Cawang&query_place_id=ChIJCVWnhFrzaS4RjudZbXQcMvg","3","Andrew Fangidae","https://www.google.com/maps/reviews/data=!4m8!14m7!1m6!2m5!1sChZDSUhNMG9nS0VJQ0FnSUQ3emM2aFFBEAE!2m1!1s0x0:0xf8321c746d59e78e!3m1!1s2@1:CIHM0ogKEICAgID7zc6hQA%7C%7C?hl=id",
"Stasiun LRT Cawang","https://www.google.com/maps/search/?api=1&query=Stasiun%20LRT%20Cawang&query_place_id=ChIJCVWnhFrzaS4RjudZbXQcMvg","3","Ervan Siregar","https://www.google.com/maps/reviews/data=!4m8!14m7!1m6!2m5!1sChdDSUhNMG9nS0VJQ0FnSUNiXzh5NGtRRRAB!2m1!1s0x0:0xf8321c746d59e78e!3m1!1s2@1:CIHM0ogKEICAgICb_8y4kQE%7C%7C?hl=id",
"Stasiun LRT Cawang","https://www.google.com/maps/search/?api=1&query=Stasiun%20LRT%20Cawang&query_place_id=ChIJCVWnhFrzaS4RjudZbXQcMvg","3","Vivo Jaya","https://www.google.com/maps/reviews/data=!4m8!14m7!1m6!2m5!1sChdDSUhNMG9nS0VJQ0FnSUNybVpEMzlBRRAB!2m1!1s0x0:0xf8321c746d59e78e!3m1!1s2@1:CIHM0ogKEICAgICrmZD39AE%7C%7C?hl=id",
"Stasiun LRT Cawang","https://www.google.com/maps/search/?api=1&query=Stasiun%20LRT%20Cawang&query_place_id=ChIJCVWnhFrzaS4RjudZbXQcMvg","3","deky hendra saputra","https://www.google.com/maps/reviews/data=!4m8!14m7!1m6!2m5!1sChZDSUhNMG9nS0VJQ0FnSUR6Z2V2Q0dREAE!2m1!1s0x0:0xf8321c746d59e78e!3m1!1s2@1:CIHM0ogKEICAgIDzgevCGQ%7C%7C?hl=id",
"Stasiun LRT Cawang","https://www.google.com/maps/search/?api=1&query=Stasiun%20LRT%20Cawang&query_place_id=ChIJCVWnhFrzaS4RjudZbXQcMvg","3","Joko Sulistio","https://www.google.com/maps/reviews/data=!4m8!14m7!1m6!2m5!1sChZDSUhNMG9nS0VJQ0FnSUNqaXBqcU5BEAE!2m1!1s0x0:0xf8321c746d59e78e!3m1!1s2@1:CIHM0ogKEICAgICjipjqNA%7C%7C?hl=id",
"Stasiun LRT Cawang","https://www.google.com/maps/search/?api=1&query=Stasiun%20LRT%20Cawang&query_place_id=ChIJCVWnhFrzaS4RjudZbXQcMvg","3","winda sianipar","https://www.google.com/maps/reviews/data=!4m8!14m7!1m6!2m5!1sChZDSUhNMG9nS0VJQ0FnSURkcHQ2SU5REAE!2m1!1s0x0:0xf8321c746d59e78e!3m1!1s2@1:CIHM0ogKEICAgIDdpt6INQ%7C%7C?hl=id",
"Stasiun LRT Cawang","https://www.google.com/maps/search/?api=1&query=Stasiun%20LRT%20Cawang&query_place_id=ChIJCVWnhFrzaS4RjudZbXQcMvg","3","Leonis Diphda","https://www.google.com/maps/reviews/data=!4m8!14m7!1m6!2m5!1sChdDSUhNMG9nS0VJQ0FnSUR0aTdHVW93RRAB!2m1!1s0x0:0xf8321c746d59e78e!3m1!1s2@1:CIHM0ogKEICAgIDti7GUowE%7C%7C?hl=id",
"Stasiun LRT Cawang","https://www.google.com/maps/search/?api=1&query=Stasiun%20LRT%20Cawang&query_place_id=ChIJCVWnhFrzaS4RjudZbXQcMvg","3","Siswanto Siswanto","https://www.google.com/maps/reviews/data=!4m8!14m7!1m6!2m5!1sChZDSUhNMG9nS0VJQ0FnSUNOa19fc2FBEAE!2m1!1s0x0:0xf8321c746d59e78e!3m1!1s2@1:CIHM0ogKEICAgICNk__saA%7C%7C?hl=id",
"Stasiun LRT Cawang","https://www.google.com/maps/search/?api=1&query=Stasiun%20LRT%20Cawang&query_place_id=ChIJCVWnhFrzaS4RjudZbXQcMvg","3","Yoyo Yoyo","https://www.google.com/maps/reviews/data=!4m8!14m7!1m6!2m5!1sChdDSUhNMG9nS0VJQ0FnSUNOMWN2RGd3RRAB!2m1!1s0x0:0xf8321c746d59e78e!3m1!1s2@1:CIHM0ogKEICAgICN1cvDgwE%7C%7C?hl=id",
"Stasiun LRT Cawang","https://www.google.com/maps/search/?api=1&query=Stasiun%20LRT%20Cawang&query_place_id=ChIJCVWnhFrzaS4RjudZbXQcMvg","3","M Reza","https://www.google.com/maps/reviews/data=!4m8!14m7!1m6!2m5!1sChdDSUhNMG9nS0VJQ0FnSUNOMW8ySTlnRRAB!2m1!1s0x0:0xf8321c746d59e78e!3m1!1s2@1:CIHM0ogKEICAgICN1o2I9gE%7C%7C?hl=id",
"Stasiun LRT Cawang","https://www.google.com/maps/search/?api=1&query=Stasiun%20LRT%20Cawang&query_place_id=ChIJCVWnhFrzaS4RjudZbXQcMvg","3","Nur Auliah","https://www.google.com/maps/reviews/data=!4m8!14m7!1m6!2m5!1sChdDSUhNMG9nS0VJQ0FnSUMxNXAtYW1nRRAB!2m1!1s0x0:0xf8321c746d59e78e!3m1!1s2@1:CIHM0ogKEICAgIC15p-amgE%7C%7C?hl=id",
"Stasiun LRT Cawang","https://www.google.com/maps/search/?api=1&query=Stasiun%20LRT%20Cawang&query_place_id=ChIJCVWnhFrzaS4RjudZbXQcMvg","3","Caca Caca septian","https://www.google.com/maps/reviews/data=!4m8!14m7!1m6!2m5!1sChZDSUhNMG9nS0VJQ0FnSUMxc0pURmRBEAE!2m1!1s0x0:0xf8321c746d59e78e!3m1!1s2@1:CIHM0ogKEICAgIC1sJTFdA%7C%7C?hl=id",
"Stasiun LRT Cawang","https://www.google.com/maps/search/?api=1&query=Stasiun%20LRT%20Cawang&query_place_id=ChIJCVWnhFrzaS4RjudZbXQcMvg","3","Anggoro S","https://www.google.com/maps/reviews/data=!4m8!14m7!1m6!2m5!1sChZDSUhNMG9nS0VJQ0FnSURsbUxhMU5BEAE!2m1!1s0x0:0xf8321c746d59e78e!3m1!1s2@1:CIHM0ogKEICAgIDlmLa1NA%7C%7C?hl=id",
"Stasiun LRT Cawang","https://www.google.com/maps/search/?api=1&query=Stasiun%20LRT%20Cawang&query_place_id=ChIJCVWnhFrzaS4RjudZbXQcMvg","3","Karya Saputra","https://www.google.com/maps/reviews/data=!4m8!14m7!1m6!2m5!1sChdDSUhNMG9nS0VJQ0FnSUNsemFLdjVnRRAB!2m1!1s0x0:0xf8321c746d59e78e!3m1!1s2@1:CIHM0ogKEICAgIClzaKv5gE%7C%7C?hl=id",
"Stasiun LRT Cawang","https://www.google.com/maps/search/?api=1&query=Stasiun%20LRT%20Cawang&query_place_id=ChIJCVWnhFrzaS4RjudZbXQcMvg","3","Cahyo Sumeru","https://www.google.com/maps/reviews/data=!4m8!14m7!1m6!2m5!1sChdDSUhNMG9nS0VJQ0FnSUQ1MGZXOG5BRRAB!2m1!1s0x0:0xf8321c746d59e78e!3m1!1s2@1:CIHM0ogKEICAgID50fW8nAE%7C%7C?hl=id",
